split,shard_id,local_index,band_idx,band_label,err_bin_id,fen,target_y,teacher_pred,teacher_abs_err,oracle_reference_node_budget,oracle_reference_cp,oracle_reference_y_600,teacher_vs_train_abs,teacher_vs_oracle_abs_600,train_vs_oracle_abs_600,oracle_target_range_600,oracle_target_std_600,oracle_cp_range,bestmove_changes,sign_flips,oracle_reference_y_s400,teacher_vs_oracle_abs_s400,train_vs_oracle_abs_s400,oracle_reference_y_s600,teacher_vs_oracle_abs_s600,train_vs_oracle_abs_s600,oracle_reference_y_s800,teacher_vs_oracle_abs_s800,train_vs_oracle_abs_s800,oracle_reference_y_s1200,teacher_vs_oracle_abs_s1200,train_vs_oracle_abs_s1200,oracle_cp_n8000,oracle_y600_n8000,oracle_bestmove_n8000,train_vs_oracle_abs_n8000,oracle_cp_n32000,oracle_y600_n32000,oracle_bestmove_n32000,train_vs_oracle_abs_n32000,oracle_cp_n128000,oracle_y600_n128000,oracle_bestmove_n128000,train_vs_oracle_abs_n128000,rank_oracle_target_range_600,rank_oracle_target_std_600,rank_bestmove_changes,rank_sign_flips,band_instability_score,stability_group,teacher_closer_to_oracle_than_train_600,teacher_oracle_sign_match,train_oracle_sign_match
test,0,8144,0,"[0.000,0.050]",0,3r2k1/pp2qpbp/2p3p1/P2np3/2P1N3/1Q2PNP1/1P3PP1/4K2R b K - 0 1,0.016665123403072357,0.0426025390625,0.025937415659427643,128000,14.0,0.023329099687423707,0.025937415659427643,0.019273439375076293,0.00666397628435135,0.12718525020386112,0.05644213423586134,77.0,1,0,0.03498571533277944,0.0076168237297205565,0.018320591929707086,0.023329099687423707,0.019273439375076293,0.00666397628435135,0.01749821376048069,0.02510432530201931,0.0008330903574083337,0.011666137374496012,0.03093640168800399,0.004998986028576345,91.0,0.15051434989128484,d5b4,0.13384922648821249,24.0,0.03997868031116357,d5b4,0.023313556908091213,14.0,0.023329099687423707,d5f6,0.00666397628435135,1.0,1.0,0.6595744680851063,0.0,0.6648936170212766,unstable,False,True,True
test,0,27235,0,"[0.000,0.050]",0,3q1rk1/pp1bpp2/3p1npQ/4n2p/3NP2P/1BP2P2/P1P3P1/2KR3R b - - 0 1,-0.04164256900548935,-0.00323486328125,0.03840770572423935,128000,-3.0,-0.004999958333749996,0.03840770572423935,0.001765095052499996,0.03664261067173935,0.03832861335703157,0.01577040313348111,23.0,2,2,-0.00749985937816399,0.00426499609691399,0.03414270962732536,-0.004999958333749996,0.001765095052499996,0.03664261067173935,-0.0037499824219738766,0.0005151191407238766,0.03789258658351547,-0.0024999947916796877,0.0007348684895703123,0.039142574213809664,-12.0,-0.01999733375993093,d8a5,0.02164523524555842,11.0,0.01833127959710064,a7a5,0.05997384860258999,-3.0,-0.004999958333749996,d8c7,0.03664261067173935,0.5319148936170213,0.5106382978723404,0.8723404255319149,0.9361702127659575,0.7127659574468085,unstable,True,True,True
test,0,3912,0,"[0.000,0.050]",1,8/R7/5pk1/4p3/6P1/5P1K/1r6/8 w - - 0 1,0.0,0.05499267578125,0.05499267578125,128000,-2.0,-0.0033333209877091908,0.05499267578125,0.05832599676895919,0.0033333209877091908,0.0049999027795318614,0.002078656205149084,3.0,0,0,-0.004999958333749996,0.059992634115,0.004999958333749996,-0.0033333209877091908,0.05832599676895919,0.0033333209877091908,-0.0024999947916796877,0.057492670572929686,0.0024999947916796877,-0.001666665123458505,0.056659340904708505,0.001666665123458505,-1.0,-0.001666665123458505,h3g3,0.001666665123458505,-4.0,-0.0066665679029903665,h3g3,0.0066665679029903665,-2.0,-0.0033333209877091908,h3g3,0.0033333209877091908,0.1276595744680851,0.10638297872340426,0.0,0.02127659574468085,0.06382978723404255,stable,False,False,False
test,0,8196,0,"[0.000,0.050]",1,8/8/p5p1/Pp3k1p/2pK3P/2P2bP1/1P2N3/8 w - - 0 1,0.0,0.0963134765625,0.0963134765625,128000,0.0,0.0,0.0963134765625,0.0963134765625,0.0,0.0,0.0,0.0,0,0,0.0,0.0963134765625,0.0,0.0,0.0963134765625,0.0,0.0,0.0963134765625,0.0,0.0,0.0963134765625,0.0,0.0,0.0,e2g1,0.0,0.0,0.0,e2g1,0.0,0.0,0.0,e2g1,0.0,0.0,0.0,0.02127659574468085,0.0425531914893617,0.015957446808510637,stable,False,False,True
test,0,16259,1,"[0.050,0.200]",0,3rr1k1/5p2/1ppp1np1/p1n4p/2PRPPb1/2N2BP1/PPN3KP/4R3 w - - 0 1,0.051620740443468094,0.07513427734375,0.023513536900281906,128000,41.0,0.06822717204671605,0.023513536900281906,0.00690710529703395,0.016606431603247956,0.03481317605797268,0.014344766757124306,21.0,0,0,0.10214253861468392,0.02700826127093392,0.050521798171215826,0.06822717204671605,0.00690710529703395,0.016606431603247956,0.05120517664923562,0.02392910069451438,0.0004155637942324722,0.03415337792574826,0.04098089941800174,0.017467362517719832,54.0,0.0897577847471601,h2h3,0.03813704430369201,33.0,0.05494460868918742,h2h3,0.0033238682457193275,41.0,0.06822717204671605,h2h3,0.016606431603247956,0.5319148936170213,0.48936170212765956,0.0,0.0,0.2553191489361702,stable,True,True,True
test,0,1649,1,"[0.050,0.200]",0,6k1/5p2/5b1p/rb1P4/3P1p2/5BP1/4PP1P/1R4K1 w - - 0 1,-0.07320215553045273,-0.0275726318359375,0.04562952369451523,128000,-60.0,-0.09966799462495582,0.04562952369451523,0.07209536278901832,0.02646583909450309,0.024808303937456727,0.011694746629275053,15.0,0,0,-0.14888503362331795,0.12131240178738045,0.07568287809286522,-0.09966799462495582,0.07209536278901832,0.02646583909450309,-0.07485969068749909,0.04728705885156159,0.0016575351570463637,-0.04995837495787997,0.02238574312194247,0.02324378057257276,-60.0,-0.09966799462495582,g3f4,0.02646583909450309,-45.0,-0.07485969068749909,g3f4,0.0016575351570463637,-60.0,-0.09966799462495582,g3f4,0.02646583909450309,0.3617021276595745,0.40425531914893614,0.02127659574468085,0.02127659574468085,0.2021276595744681,stable,False,True,True
test,0,7225,1,"[0.050,0.200]",0,2b2rk1/2pqbppp/p2p1n2/N1p5/1r2PB2/1PN5/P1P2PPP/R2Q1RK1 w - - 0 1,0.11942730098962784,0.0706787109375,0.04874859005212784,128000,87.0,0.14399226586303726,0.04874859005212784,0.07331355492553726,0.024564964873409423,0.01628052519952325,0.007320485530312267,10.0,0,0,0.21413397614340715,0.14345526520590715,0.09470667515377931,0.14399226586303726,0.07331355492553726,0.024564964873409423,0.10832330552729708,0.037644594589797076,0.011103995462330762,0.07237324046358946,0.0016945295260894638,0.047054060526038374,97.0,0.1602727910625605,d1f3,0.04084549007293267,88.0,0.14562398314002767,d1f3,0.02619668215039983,87.0,0.14399226586303726,d1f3,0.024564964873409423,0.19148936170212766,0.19148936170212766,0.0425531914893617,0.0425531914893617,0.11702127659574468,stable,False,True,True
test,0,11073,1,"[0.050,0.200]",1,r1bqrk2/pp4pp/2pn4/3pN3/1Q1P4/2N2P2/PP4PP/R3R1K1 w - - 0 1,0.09306326508522034,0.1688232421875,0.07575997710227966,128000,90.0,0.14888503362331795,0.07575997710227966,0.019938208564182047,0.055821768538097616,0.011416359201193355,0.004801717940536815,7.0,2,0,0.22127846789844396,0.052455225710943965,0.12821520281322363,0.14888503362331795,0.019938208564182047,0.055821768538097616,0.11202778108923989,0.056795461098260114,0.01896451600401955,0.07485969068749909,0.09396355150000091,0.018203574397721245,85.0,0.14072648971223092,c3a4,0.047663224627010586,92.0,0.15214284891342428,e1e2,0.05907958382820394,90.0,0.14888503362331795,e1e3,0.055821768538097616,0.0851063829787234,0.0851063829787234,0.8936170212765957,0.06382978723404255,0.28191489361702127,stable,True,True,True
test,0,47592,1,"[0.050,0.200]",2,4rrk1/ppp3pp/3bq3/1Np4n/4P3/5P2/PPP1Q1PP/R1B2RK1 b - - 0 1,-0.15214285254478455,0.0154571533203125,0.16760000586509705,128000,-106.0,-0.1748513390060125,0.16760000586509705,0.190308492326325,0.022708486461227945,0.021080816741919833,0.009579404493089678,13.0,1,0,-0.25896622393478974,0.27442337725510224,0.1068233713900052,-0.1748513390060125,0.190308492326325,0.022708486461227945,-0.1317300057909633,0.1471871591112758,0.02041284675382124,-0.08810429968944254,0.10356145300975504,0.064038552855342,-93.0,-0.15377052226409266,d6f4,0.0016276697193081113,-105.0,-0.1732351578346601,d6e5,0.021092305289875546,-106.0,-0.1748513390060125,d6e5,0.022708486461227945,0.3191489361702128,0.3191489361702128,0.6170212765957447,0.0851063829787234,0.33510638297872336,stable,False,False,True
test,0,2828,1,"[0.050,0.200]",2,4b3/k4r1p/1bpB2p1/2pn4/2N1N3/3B3P/PP3PP1/6K1 w - - 0 1,0.15051434934139252,0.476318359375,0.3258040100336075,128000,79.0,0.1309110434076264,0.3258040100336075,0.3454073159673736,0.019603305933766108,0.018038021638878826,0.007614357216513302,11.0,0,0,0.19497153165403217,0.28134682772096786,0.04445718231263965,0.1309110434076264,0.3454073159673736,0.019603305933766108,0.09843025820266699,0.377888101172333,0.05208409113872553,0.06573839009280362,0.41057996928219637,0.0847759592485889,82.0,0.13582209941846443,c4b6,0.014692249922928086,71.0,0.1177840777795856,c4b6,0.03273027156180691,79.0,0.1309110434076264,c4b6,0.019603305933766108,0.23404255319148937,0.23404255319148937,0.06382978723404255,0.10638297872340426,0.1595744680851064,stable,False,True,True
test,0,39240,1,"[0.050,0.200]",2,2kr1bnr/pp3ppp/8/4P3/3n1Bb1/5N2/PP1NBPPP/R2K3R b - - 0 1,-0.13254879415035248,0.330078125,0.4626269191503525,128000,-122.0,-0.20057667874737134,0.4626269191503525,0.5306548037473713,0.06802788459701886,0.04030388768481083,0.01667294191694339,25.0,1,0,-0.2958816041613005,0.6259597291613005,0.16333281001094802,-0.20057667874737134,0.5306548037473713,0.06802788459701886,-0.15132870208509885,0.48140682708509885,0.018779907934746376,-0.10131782952251743,0.43139595452251744,0.031230964627835048,-97.0,-0.1602727910625605,g4f3,0.027723996912208032,-113.0,-0.1861377851291081,d4e2,0.053588990978755635,-122.0,-0.20057667874737134,d4e2,0.06802788459701886,0.6595744680851063,0.6382978723404256,0.6382978723404256,0.1276595744680851,0.5159574468085106,middle,False,False,True
test,0,29222,2,"[0.200,0.500]",0,2kr2r1/ppq2p2/2p1pP2/2Np3p/P2P4/2PQ2PP/1P6/R4R1K b - - 0 1,-0.4879249930381775,-0.49072265625,0.0027976632118225098,128000,-287.0,-0.44490784028706626,0.0027976632118225098,0.04581481596293374,0.04301715275111123,0.05984226519240504,0.025660818406681923,44.0,0,0,-0.6153583568455542,0.12463570059555418,0.1274333638073767,-0.44490784028706626,0.04581481596293374,0.04301715275111123,-0.3441125253005428,0.14661013094945718,0.14381246773763467,-0.23470847709468398,0.256014179155316,0.2532165159434935,-297.0,-0.458175844698613,g8g3,0.02974914833956449,-253.0,-0.39833357950620796,g8g3,0.08959141353196953,-287.0,-0.44490784028706626,g8g3,0.04301715275111123,0.7021276595744681,0.6808510638297872,0.0,0.0,0.3457446808510638,middle,False,True,True
test,0,15296,2,"[0.200,0.500]",0,r1b2rk1/pp4p1/4N1qp/1B1P1p2/4n3/7P/PP2QPP1/R2R2K1 b - - 0 1,-0.45023900270462036,-0.42578125,0.02445775270462036,128000,-305.0,-0.4686455963830753,0.02445775270462036,0.04286434638307529,0.01840659367845493,0.041282033835358445,0.017223438987062363,31.0,0,0,-0.642547152682299,0.216765902682299,0.19230814997767864,-0.4686455963830753,0.04286434638307529,0.01840659367845493,-0.36379252917918686,0.06198872082081314,0.0864464735254335,-0.24883137539561212,0.17694987460438788,0.20140762730900824,-274.0,-0.42736356254771685,f8f6,0.022875440156903515,-295.0,-0.45553824319873387,f8f6,0.005299240494113511,-305.0,-0.4686455963830753,f8f6,0.01840659367845493,0.5531914893617021,0.5531914893617021,0.02127659574468085,0.0,0.28191489361702127,stable,False,True,True
test,0,11065,2,"[0.200,0.500]",2,4r1k1/pp2rppp/5n2/2ppq2b/P3PQ2/2PB1NP1/1P4PP/4RRK1 b - - 0 1,0.3554486632347107,0.11895751953125,0.2364911437034607,128000,272.0,0.4246351512897301,0.2364911437034607,0.3056776317584801,0.06918648805501942,0.015143755293548056,0.00639452200215009,11.0,0,0,0.5915193954318164,0.4725618759005664,0.23607073219710573,0.4246351512897301,0.3056776317584801,0.06918648805501942,0.32747739480870536,0.20851987527745536,0.027971268426005336,0.22286294181414545,0.10390542228289545,0.13258572142056524,269.0,0.42052804045599973,e5f4,0.06507937722128904,261.0,0.40949139599618206,e5f4,0.05404273276147137,272.0,0.4246351512897301,e5f4,0.06918648805501942,0.1276595744680851,0.1276595744680851,0.0425531914893617,0.0,0.07446808510638298,stable,False,True,True
test,0,1796,3,"[0.500,0.700]",0,8/6R1/1k4p1/p1p2b1p/5KP1/P6P/8/8 b - - 0 1,-0.6979711055755615,-0.732421875,0.03445076942443848,128000,-319.0,-0.4866540682893323,0.03445076942443848,0.24576780671066772,0.21131703728622925,0.07439207501841621,0.03041356429058173,56.0,0,0,-0.6626368112043609,0.06978506379563909,0.035334294371200614,-0.4866540682893323,0.24576780671066772,0.21131703728622925,-0.3788789061215473,0.3535429688784527,0.31909219945401424,-0.259743503093041,0.472678371906959,0.4382276024825205,-293.0,-0.4528926193579334,h5g4,0.24507848621762812,-263.0,-0.41226199327091606,h5g4,0.28570911230464546,-319.0,-0.4866540682893323,h5g4,0.21131703728622925,0.6808510638297872,0.6595744680851063,0.0,0.0,0.3351063829787234,middle,False,True,True
test,0,40974,3,"[0.500,0.700]",0,2r3k1/pp2rpp1/3b3p/2pP4/6Pq/5B2/PPQ2R1P/5R1K b - - 0 1,0.5569035410881042,0.46142578125,0.09547775983810425,128000,333.0,0.5042582228791403,0.09547775983810425,0.04283244162914035,0.0526453182089639,0.052691416837596816,0.02195027120518766,41.0,1,0,0.6818161045714362,0.22039032332143615,0.1249125634833319,0.5042582228791403,0.04283244162914035,0.0526453182089639,0.3937665640821581,0.0676592171678419,0.16313697700594615,0.2705896986456141,0.1908360826043859,0.28631384244249014,305.0,0.4686455963830753,c5c4,0.08825794470502896,292.0,0.45156680604154353,c8e8,0.10533673504656071,333.0,0.5042582228791403,c8e8,0.0526453182089639,0.425531914893617,0.40425531914893614,0.5531914893617021,0.0,0.3457446808510638,middle,True,True,True
test,0,35937,3,"[0.500,0.700]",2,4k2r/1p2bppp/p3p3/2p1N1B1/2P5/8/PP1r1PPP/3R2K1 w k - 0 1,0.5838825106620789,-0.0557861328125,0.6396686434745789,128000,418.0,0.6022477153458966,0.6396686434745789,0.6580338481583966,0.01836520468381775,0.0031768955821861455,0.0013205721204370545,3.0,0,0,0.7798548512749939,0.8356409840874939,0.19597234061291502,0.6022477153458966,0.6580338481583966,0.01836520468381775,0.47962721333937575,0.5354133461518757,0.10425529732270311,0.3348966307664805,0.3906827635789805,0.24898587989559834,419.0,0.6033088121071671,g5d2,0.01942630144508828,421.0,0.6054246109280828,g5d2,0.021542100266003894,418.0,0.6022477153458966,g5d2,0.01836520468381775,0.0,0.0,0.02127659574468085,0.0,0.005319148936170213,stable,False,False,True
test,0,49784,4,"[0.700,1.000]",1,r7/4kp2/2K3p1/P6p/R2P4/7P/5P2/8 b - - 0 1,-0.793816328048706,-0.61083984375,0.18297648429870605,128000,-481.0,-0.6649674979566038,0.18297648429870605,0.054127654206603815,0.12884883009210224,0.06591586860093324,0.029111430779345394,66.0,0,0,-0.8344155694676939,0.2235757257176939,0.04059924141898785,-0.6649674979566038,0.054127654206603815,0.12884883009210224,-0.5379384420258775,0.07290140172412252,0.25587788602282857,-0.3806617687202271,0.2301780750297729,0.41315455932847894,-415.0,-0.5990516293556706,a8c8,0.19476469869303548,-471.0,-0.6555672165322444,a8c8,0.1382491115164617,-481.0,-0.6649674979566038,a8c8,0.12884883009210224,0.5531914893617021,0.6170212765957447,0.0,0.0,0.2925531914893617,middle,True,True,True
test,0,8349,4,"[0.700,1.000]",1,r4r1k/2pqnpp1/p2p3p/bp2p2Q/4P3/2PP2N1/P1BB1PPP/R3R1K1 w - - 0 1,0.8022878766059875,0.53271484375,0.26957303285598755,128000,544.0,0.719528510739225,0.26957303285598755,0.18681366698922497,0.08275936586676258,0.036279234171462504,0.015066727699782297,46.0,0,0,0.8763930674728229,0.34367822372282286,0.07410519086683531,0.719528510739225,0.18681366698922497,0.08275936586676258,0.5915193954318164,0.05880455168181642,0.21076848117417113,0.4246351512897301,0.10807969246026988,0.37765272531625743,529.0,0.707253290643499,c2b3,0.0950345859624886,575.0,0.7435325248149615,c2b3,0.05875535179102609,544.0,0.719528510739225,c2b3,0.08275936586676258,0.2765957446808511,0.2765957446808511,0.02127659574468085,0.0,0.14361702127659576,stable,False,True,True
test,0,36635,4,"[0.700,1.000]",1,8/5kp1/7p/3PB2P/pbp2PP1/8/1P4K1/8 w - - 0 1,0.7321442365646362,0.4501953125,0.28194892406463623,128000,345.0,0.5190218338982221,0.28194892406463623,0.0688265213982221,0.21312240266641413,0.09438668260849198,0.038738065131756864,73.0,0,0,0.6975434949818516,0.24734818248185164,0.03460074158278459,0.5190218338982221,0.0688265213982221,0.21312240266641413,0.4063654224396171,0.0438298900603829,0.32577881412501913,0.2798321934754683,0.17036311902453172,0.45231204308916795,314.0,0.48026858828703056,g4g5,0.25187564827760567,272.0,0.4246351512897301,g4g5,0.3075090852749061,345.0,0.5190218338982221,g4g5,0.21312240266641413,0.7872340425531915,0.7446808510638298,0.0425531914893617,0.0,0.39361702127659576,middle,True,True,True
test,0,38102,4,"[0.700,1.000]",2,k7/P5r1/8/5P2/R7/7K/8/8 b - - 0 1,-1.0,-0.474365234375,0.525634765625,128000,-516.0,-0.6962576726866814,0.525634765625,0.22189243831168137,0.3037423273133186,0.0425953838750599,0.018713565778197216,47.0,1,0,-0.8591265382143658,0.3847613038393658,0.1408734617856342,-0.6962576726866814,0.22189243831168137,0.3037423273133186,-0.5682943783549708,0.09392914397997076,0.43170562164502924,-0.405321308689463,0.06904392568553702,0.5946786913105371,-469.0,-0.6536622888116215,g7h7,0.3463377111883785,-476.0,-0.6602932189044453,g7h7,0.33970678109555474,-516.0,-0.6962576726866814,g7g5,0.3037423273133186,0.3404255319148936,0.3191489361702128,0.6382978723404256,0.0,0.324468085106383,middle,True,True,True
test,0,13243,4,"[0.700,1.000]",2,6k1/1p6/p4qpQ/3p4/3P1P2/P3R3/6PK/1r6 b - - 0 1,-0.7537865042686462,0.291259765625,1.0450462698936462,128000,-404.0,-0.5871682693574662,1.0450462698936462,0.8784280349824662,0.16661823491118,0.30350017918000416,0.12426592097791225,229.0,0,0,-0.7657620182484389,1.0570217838734388,0.011975513979792685,-0.5871682693574662,0.8784280349824662,0.16661823491118,-0.4660402984777151,0.7573000641027151,0.28774620579093113,-0.3244982920267205,0.6157580576517205,0.42928821224192576,-175.0,-0.2836680901774621,g8f7,0.47011841409118416,-295.0,-0.45553824319873387,g8f7,0.29824826106991237,-404.0,-0.5871682693574662,g8f7,0.16661823491118,0.9787234042553191,0.9787234042553191,0.06382978723404255,0.0,0.5053191489361702,unstable,False,False,True
test,1,38554,0,"[0.000,0.050]",0,r4rk1/pp1q1p1p/2pb1pb1/3p4/3P1PP1/3B3P/PPP1N3/R2Q1RK1 b - - 0 1,-0.004999958444386721,-0.0203704833984375,0.01537052495405078,128000,46.0,0.07651680911202627,0.01537052495405078,0.09688729251046377,0.08151676755641299,0.019861103290018695,0.00868738187311797,12.0,0,0,0.11449570919711116,0.13486619259554866,0.11949566764149788,0.07651680911202627,0.09688729251046377,0.08151676755641299,0.05743671390287926,0.07780719730131676,0.06243667234726598,0.038314568128458674,0.058685051526896174,0.043314526572845395,56.0,0.09306326199720014,f6f5,0.09806322044158686,44.0,0.07320215870718144,f6f5,0.07820211715156816,46.0,0.07651680911202627,f6f5,0.08151676755641299,0.2978723404255319,0.2978723404255319,0.0425531914893617,0.06382978723404255,0.175531914893617,stable,False,False,False
test,1,42910,0,"[0.000,0.050]",0,r2q1rk1/pp4bp/4pnp1/1n1p4/2pP1B1P/2P3P1/1P1NBP2/R2QK2R b KQ - 0 1,-0.023329099640250206,-0.003719329833984375,0.01960976980626583,128000,-48.0,-0.07982976911113136,0.01960976980626583,0.07611043927714699,0.05650066947088116,0.04809361241359989,0.02028504874266036,29.0,2,0,-0.11942729853438588,0.11570796870040151,0.09609819889413568,-0.07982976911113136,0.07611043927714699,0.05650066947088116,-0.059928103529143496,0.05620877369515912,0.03659900388889329,-0.03997868031116357,0.036259350477179195,0.016649580670913364,-27.0,-0.044969649583600245,b5d6,0.02164054994335004,-56.0,-0.09306326199720014,d8e8,0.06973416235694993,-48.0,-0.07982976911113136,b5d6,0.05650066947088116,0.6595744680851063,0.6382978723404256,0.8936170212765957,0.0851063829787234,0.5691489361702128,middle,False,True,True
test,1,33120,0,"[0.000,0.050]",1,2kr2r1/pp1q3p/2p2p2/2bp1n2/8/2PQ1BPP/P2NPP2/R3K2R b KQ - 0 1,0.02499479241669178,0.141357421875,0.11636262945830822,128000,36.0,0.059928103529143496,0.11636262945830822,0.08142931834585651,0.034933311112451716,0.09061777547922423,0.042331594520688645,55.0,0,0,0.0897577847471601,0.051599637127839895,0.06476299233046832,0.059928103529143496,0.08142931834585651,0.034933311112451716,0.044969649583600245,0.09638777229139975,0.019974857166908465,0.029991003238820143,0.11136641863617985,0.004996210822128363,90.0,0.14888503362331795,f5d6,0.12389024120662617,35.0,0.05826725814409372,f5d6,0.03327246572740194,36.0,0.059928103529143496,f5d6,0.034933311112451716,0.9361702127659575,0.9574468085106383,0.06382978723404255,0.10638297872340426,0.5159574468085106,middle,False,True,True
test,1,45622,0,"[0.000,0.050]",2,3q2k1/5p1p/1p4pb/1P2p3/PQ2P1B1/3p2P1/5PKP/8 b - - 0 1,0.021663276478648186,0.24951171875,0.22784844227135181,128000,29.0,0.04829573112443868,0.22784844227135181,0.2012159876255613,0.026632454645790497,0.021629738699195853,0.009510020189676184,13.0,0,0,0.07237324046358946,0.17713847828641055,0.05070996398494128,0.04829573112443868,0.2012159876255613,0.026632454645790497,0.03623413008636282,0.21327758866363716,0.014570853607714637,0.02416196309725981,0.22534975565274018,0.0024986866186116237,18.0,0.029991003238820143,d3d2,0.008327726760171957,31.0,0.051620741938015996,d3d2,0.02995746545936781,29.0,0.04829573112443868,d3d2,0.026632454645790497,0.3191489361702128,0.3191489361702128,0.0851063829787234,0.1276595744680851,0.2127659574468085,stable,False,True,True
test,1,12306,1,"[0.050,0.200]",0,r1b1rnk1/pp6/2pqnp1p/3p2p1/3P2PP/P1N5/1PPQ1P2/2KRNBR1 w - - 0 1,0.07154422253370285,0.0207366943359375,0.05080752819776535,128000,62.0,0.10296710732236511,0.05080752819776535,0.08223041298642761,0.03142288478866226,0.006591362892064426,0.0028006768035019206,4.0,0,0,0.15377052226409266,0.13303382792815516,0.0822262997303898,0.10296710732236511,0.08223041298642761,0.03142288478866226,0.07734521041301597,0.056608516077078466,0.005800987879313116,0.051620741938015996,0.030884047602078496,0.019923480595686854,63.0,0.10461581914865054,e1g2,0.033071596614947685,66.0,0.10955847021442953,e1g2,0.038014247680726684,62.0,0.10296710732236511,e1g2,0.03142288478866226,0.0,0.0,0.0851063829787234,0.14893617021276595,0.05851063829787234,stable,False,True,True
test,1,39362,1,"[0.050,0.200]",2,1k1r3r/pp3p2/3qpn2/3Pb2p/1P4p1/P7/1B2BPPP/2RQ1RK1 w - - 0 1,-0.13254879415035248,0.008758544921875,0.14130733907222748,128000,-97.0,-0.1602727910625605,0.14130733907222748,0.1690313359844355,0.027723996912208032,0.06205957291554025,0.026981573288325424,38.0,0,0,-0.23785570960038063,0.24661425452225563,0.10530691545002815,-0.1602727910625605,0.1690313359844355,0.027723996912208032,-0.12065928537710655,0.12941783029898155,0.011889508773245933,-0.08065773651240324,0.08941628143427824,0.05189105763794924,-66.0,-0.10955847021442953,b2e5,0.022990323935922943,-104.0,-0.17161804312996978,b2e5,0.039069248979617305,-97.0,-0.1602727910625605,b2e5,0.027723996912208032,0.8297872340425532,0.8723404255319149,0.10638297872340426,0.1702127659574468,0.4946808510638298,middle,False,False,True
test,1,19271,2,"[0.200,0.500]",0,2n5/1ppr1pkp/6p1/1P6/2RN1P2/3P2P1/4PK1P/8 w - - 0 1,0.37709322571754456,0.385009765625,0.007916539907455444,128000,267.0,0.4177803451322398,0.007916539907455444,0.03277057950723983,0.04068711941469527,0.029228734342957197,0.013178746224380573,21.0,1,0,0.5833329814597088,0.1983232158347088,0.20623975574216424,0.4177803451322398,0.03277057950723983,0.04068711941469527,0.3218862831183258,0.06312348250667421,0.05520694259921877,0.21889956725665036,0.16611019836834964,0.1581936584608942,248.0,0.39129930611304253,e2e3,0.014206080395497978,269.0,0.42052804045599973,e2e3,0.043434814738455174,267.0,0.4177803451322398,e2e4,0.04068711941469527,0.3191489361702128,0.3829787234042553,0.723404255319149,0.0,0.3563829787234043,middle,True,True,True
test,1,40132,2,"[0.200,0.500]",0,6k1/6p1/4r3/8/B2B2N1/8/3K4/8 b - - 0 1,-0.3064897954463959,-0.330322265625,0.023832470178604126,128000,-222.0,-0.35399171247704597,0.023832470178604126,0.023669446852045972,0.0475019170306501,0.29074292251350875,0.13470735535326997,184.0,0,0,-0.5042582228791403,0.17393595725414035,0.19776842743274448,-0.35399171247704597,0.023669446852045972,0.0475019170306501,-0.2705896986456141,0.05973256697938589,0.03590009680078177,-0.18291795686556014,0.14740430875943986,0.12357183858083573,-38.0,-0.06324878996353721,e6e4,0.24324100548285865,-215.0,-0.34374514490925095,e6e4,0.03725534946285508,-222.0,-0.35399171247704597,e6e4,0.0475019170306501,1.0,1.0,0.06382978723404255,0.0,0.5159574468085106,unstable,True,True,True
test,1,25498,2,"[0.200,0.500]",0,rn1q1rk1/pp2bppp/2p1pn2/8/2PP4/3B1N2/PP1BQPPP/2KR3R w - - 0 1,0.29283711314201355,0.23583984375,0.05699726939201355,128000,178.0,0.2882592022313934,0.05699726939201355,0.0524193584813934,0.004577910910620153,0.042190798549767206,0.01744653563949749,28.0,0,0,0.4177803451322398,0.18194050138223983,0.12494323199022628,0.2882592022313934,0.0524193584813934,0.004577910910620153,0.21889956725665036,0.016940276493349643,0.07393754588536319,0.14725490855271123,0.08858493519728877,0.14558220458930232,206.0,0.3304500007811606,g2g4,0.03761288763914705,188.0,0.3034665106025228,g2g4,0.010629397460509227,178.0,0.2882592022313934,g2g4,0.004577910910620153,0.574468085106383,0.574468085106383,0.0851063829787234,0.0,0.30851063829787234,middle,False,True,True
test,1,24653,2,"[0.200,0.500]",1,r1b2rk1/pp2qpbp/2n5/2p5/8/5N2/PP1BBPPP/R2QR1K1 w - - 0 1,0.21651805937290192,0.1156005859375,0.10091747343540192,128000,121.0,0.19897653031498871,0.10091747343540192,0.08337594437748871,0.017541529057913202,0.033368284948366966,0.014460412358520348,21.0,0,0,0.2935987851159713,0.17799819917847132,0.0770807257430694,0.19897653031498871,0.08337594437748871,0.017541529057913202,0.15010709711157594,0.03450651117407594,0.06641096226132598,0.10049298115573199,0.015107604781768008,0.11602507821716992,125.0,0.20537067595698338,e2d3,0.011147383415918533,142.0,0.23234481526335568,e2d3,0.015826755890453764,121.0,0.19897653031498871,e2d3,0.017541529057913202,0.44680851063829785,0.44680851063829785,0.10638297872340426,0.0,0.25,stable,False,True,True
test,1,5669,2,"[0.200,0.500]",2,1r5r/4kpp1/2bb4/pB2p2p/8/4B2P/P1P2PP1/1R2K2R w - - 0 1,-0.40532130002975464,-0.0215911865234375,0.38373011350631714,128000,-236.0,-0.3742303030778431,0.38373011350631714,0.3526391165544056,0.03109099695191153,0.0378547587415109,0.016169400197222777,26.0,0,0,-0.5298956075275294,0.5083044210040919,0.12457430749777476,-0.3742303030778431,0.3526391165544056,0.03109099695191153,-0.2867302913888035,0.265139104865366,0.11859100864095112,-0.1941697464836912,0.1725785599602537,0.21115155354606344,-210.0,-0.3363755443363322,c2c4,0.06894575569342243,-216.0,-0.3452140341355209,c2c4,0.06010726589423376,-236.0,-0.3742303030778431,c2c4,0.03109099695191153,0.5106382978723404,0.5106382978723404,0.1276595744680851,0.0,0.28723404255319146,stable,False,True,True
test,1,22094,2,"[0.200,0.500]",2,3R4/pp1bppkp/2q3p1/8/8/5P2/PPP3PP/1K3B1R w - - 0 1,-0.4205280542373657,0.047607421875,0.4681354761123657,128000,-242.0,-0.3827974733626647,0.4681354761123657,0.4304048952376647,0.03773058087470105,0.12850194073627352,0.054111253034083005,86.0,1,0,-0.5405978980932037,0.5882053199682037,0.12006984385583797,-0.3827974733626647,0.4304048952376647,0.03773058087470105,-0.2935987851159713,0.3412062069909713,0.1269292691213944,-0.19897653031498871,0.24658395218998871,0.221551523922377,-156.0,-0.25429553262639115,f1d3,0.16623252161097457,-217.0,-0.34668123406471846,d8a8,0.07384682017264727,-242.0,-0.3827974733626647,d8a8,0.03773058087470105,0.9148936170212766,0.9148936170212766,0.7446808510638298,0.0,0.6436170212765957,unstable,False,False,True
test,1,25485,2,"[0.200,0.500]",2,1n6/5pp1/4p2p/Pk1pP2P/3P1PP1/1N6/7K/8 b - - 0 1,-0.47770002484321594,0.09698486328125,0.5746848881244659,128000,-69.0,-0.11449570919711116,0.5746848881244659,0.21148057247836116,0.3632043156461048,0.008231753059208674,0.003556338266006298,5.0,0,0,-0.17080913825893015,0.2677940015401802,0.30689088658428576,-0.11449570919711116,0.21148057247836116,0.3632043156461048,-0.08603676144861964,0.18302162472986966,0.3916632633945963,-0.05743671390287926,0.15442157718412924,0.4202633109403367,-65.0,-0.10791150943921407,b8c6,0.36978851540400187,-64.0,-0.10626395613790249,b8c6,0.3714360687053134,-69.0,-0.11449570919711116,b8c6,0.3632043156461048,0.0425531914893617,0.06382978723404255,0.14893617021276595,0.0,0.06382978723404255,stable,True,False,True
test,1,39163,2,"[0.200,0.500]",2,5k1r/1p5P/p1nbp1q1/3p1p2/3P1PpQ/PP4N1/KP1B4/7R b - - 0 1,0.31852078437805176,-0.322998046875,0.6415188312530518,128000,106.0,0.1748513390060125,0.6415188312530518,0.49784938588101246,0.14366944537203927,0.019318407477678712,0.008210508865008292,12.0,0,0,0.25896622393478974,0.5819642708097897,0.05955456044326202,0.1748513390060125,0.49784938588101246,0.14366944537203927,0.1317300057909633,0.4547280526659633,0.18679077858708845,0.08810429968944254,0.41110234656444256,0.2304164846886092,115.0,0.1893536203402951,d6e7,0.12916716403775666,118.0,0.1941697464836912,d6e7,0.12435103789436056,106.0,0.1748513390060125,d6e7,0.14366944537203927,0.14893617021276595,0.14893617021276595,0.1702127659574468,0.0,0.11702127659574468,stable,False,False,True
test,1,22112,3,"[0.500,0.700]",0,3q1r2/6bk/2Q3p1/P2np3/3pp2p/6P1/P2BPP1P/1RR3K1 w - - 0 1,0.6768800616264343,0.67724609375,0.00036603212356567383,128000,329.0,0.49927003692167204,0.00036603212356567383,0.17797605682832796,0.17761002470476228,0.10797073080862951,0.04653400941624715,81.0,1,0,0.6764282811209119,0.0008178126290880883,0.00045178050552241444,0.49927003692167204,0.17797605682832796,0.17761002470476228,0.3895335257475609,0.2877125680024391,0.28734653587887343,0.2674976504597236,0.4097484432902764,0.4093824111667107,264.0,0.41364444218713514,c1f1,0.2632356194392992,248.0,0.39129930611304253,c1f1,0.2855807555133918,329.0,0.49927003692167204,b1b7,0.17761002470476228,0.851063829787234,0.851063829787234,0.574468085106383,0.0,0.5691489361702128,unstable,False,True,True
test,1,40046,3,"[0.500,0.700]",0,1r3b1r/Q2np1p1/4bnkp/8/8/8/PPP2PPP/RNB1K2R b KQ - 0 1,-0.6341536045074463,-0.6025390625,0.03161454200744629,128000,-384.0,-0.564899552846225,0.03161454200744629,0.03763950965377505,0.06925405166122134,0.018293683509879588,0.007780057568867721,16.0,0,0,-0.7442768673618373,0.1417378048618373,0.110123262854391,-0.564899552846225,0.03763950965377505,0.06925405166122134,-0.4462436102487796,0.15629545225122038,0.18790999425866667,-0.30950692121263845,0.29303214128736155,0.32464668329480784,-372.0,-0.5511280285381469,e6f5,0.08302557596929938,-388.0,-0.5694217120480265,e6f5,0.0647318924594198,-384.0,-0.564899552846225,e6f5,0.06925405166122134,0.06382978723404255,0.06382978723404255,0.0425531914893617,0.0,0.0425531914893617,stable,True,True,True
test,1,39450,3,"[0.500,0.700]",0,8/8/4pk1p/3p3P/1r6/RP6/4K3/8 b - - 0 1,0.6971153616905212,0.59912109375,0.09799426794052124,128000,348.0,0.5226654296858207,0.09799426794052124,0.07645566406417925,0.1744499320047005,0.08851485869987569,0.03616920049161672,69.0,0,0,0.7013741309383125,0.10225303718831247,0.0042587692477912276,0.5226654296858207,0.07645566406417925,0.1744499320047005,0.40949139599618206,0.18962969775381794,0.2876239656943392,0.28213481266963414,0.31698628108036586,0.4149805490208871,279.0,0.43415057098594506,f6f5,0.2629647907045762,310.0,0.4751232429752499,f6f5,0.22199211871527136,348.0,0.5226654296858207,f6f5,0.1744499320047005,0.7872340425531915,0.7446808510638298,0.06382978723404255,0.0,0.39893617021276595,middle,True,True,True
test,1,13418,3,"[0.500,0.700]",1,r4rk1/2b3p1/p1Qqpp1p/1p6/8/1P3N2/PBP2PPP/R4RK1 w - - 0 1,0.5936821103096008,0.7490234375,0.15534132719039917,128000,465.0,0.6498274636719203,0.15534132719039917,0.09919597382807965,0.05614535336231952,0.05491801566661281,0.022854288651462818,61.0,1,0,0.8218529445288736,0.07282950702887359,0.22817083421927276,0.6498274636719203,0.09919597382807965,0.05614535336231952,0.5235733620926017,0.22545007540739825,0.07010874821699908,0.36920300064686146,0.37982043685313854,0.22447910966273937,526.0,0.7047454793385332,c6d6,0.11106336902893232,505.0,0.6866908300889353,c6d6,0.09300871977933445,465.0,0.6498274636719203,c6e4,0.05614535336231952,0.46808510638297873,0.44680851063829785,0.5957446808510638,0.0,0.37765957446808507,middle,False,True,True
test,1,18559,3,"[0.500,0.700]",1,r2k2r1/ppp1np1p/4b3/4B3/4PP2/2P5/P1P3PP/R3KB1R b KQ - 0 1,-0.5511280298233032,-0.325927734375,0.22520029544830322,128000,-418.0,-0.6022477153458966,0.22520029544830322,0.2763199809708966,0.05111968552259338,0.049960322984132555,0.022399704479921363,45.0,1,0,-0.7798548512749939,0.4539271168999939,0.22872682145169065,-0.6022477153458966,0.2763199809708966,0.05111968552259338,-0.47962721333937575,0.15369947896437575,0.07150081648392748,-0.3348966307664805,0.008968896391480519,0.2162313990568227,-413.0,-0.5969102374544998,e7c8,0.04578220763119656,-373.0,-0.552287392361764,d8e8,0.0011593625384608286,-418.0,-0.6022477153458966,d8e8,0.05111968552259338,0.40425531914893614,0.425531914893617,0.6170212765957447,0.0,0.36170212765957444,middle,False,True,True
test,1,43882,3,"[0.500,0.700]",1,6k1/5p2/4p1p1/4P1P1/R4P2/8/p5K1/r7 w - - 0 1,-0.512907087802887,-0.257080078125,0.25582700967788696,128000,-300.0,-0.46211715726000974,0.25582700967788696,0.20503707913500974,0.050789930542877226,0.13059769113027336,0.05480308447135935,97.0,1,0,-0.6351489523872873,0.3780688742622873,0.12224186458440034,-0.46211715726000974,0.20503707913500974,0.050789930542877226,-0.35835739835078595,0.10127732022578595,0.154549689452101,-0.24491866240370913,0.012161415721290869,0.26798842539917783,-233.0,-0.3699225200599619,a4a5,0.14298456774292506,-330.0,-0.5005202111902353,a4a5,0.012386876612651698,-300.0,-0.46211715726000974,a4a8,0.050789930542877226,0.9361702127659575,0.9148936170212766,0.6382978723404256,0.0,0.6223404255319149,unstable,False,True,True
test,1,36524,3,"[0.500,0.700]",2,8/1ppk4/8/P7/4R3/2r5/8/3K4 b - - 0 1,0.6400942206382751,0.291015625,0.34907859563827515,128000,289.0,0.4475773947596221,0.34907859563827515,0.1565617697596221,0.19251682587865304,0.12905661785685124,0.0527856542381183,91.0,0,0,0.6184554723201562,0.3274398473201562,0.02163874831811896,0.4475773947596221,0.1565617697596221,0.19251682587865304,0.34631459274026355,0.05529896774026355,0.2937796278980116,0.23628271304415438,0.05473291195584562,0.40381150759412077,198.0,0.31852077690277086,d7c6,0.3215734437355043,247.0,0.3898869115507357,d7c6,0.25020730908753946,289.0,0.4475773947596221,d7c6,0.19251682587865304,0.9148936170212766,0.8936170212765957,0.0851063829787234,0.0,0.4734042553191489,unstable,True,True,True
test,1,22080,3,"[0.500,0.700]",2,4k3/5p2/bnq3p1/2b1p3/P5pP/1P6/2Q1PP1K/R1B2R2 b - - 0 1,0.6410769820213318,-0.25732421875,0.8984012007713318,128000,412.0,0.59583633980064,0.8984012007713318,0.85316055855064,0.045240642220691796,0.042391715990554246,0.01946245367233182,38.0,0,0,0.7739083398558421,1.0312325586058422,0.13283135783451028,0.59583633980064,0.85316055855064,0.045240642220691796,0.4738317916668404,0.7311560104168404,0.16724519035449137,0.3304500007811606,0.5877742195311606,0.3106269812401712,374.0,0.5534446238100857,g4g3,0.08763235821124604,376.0,0.5557526874715445,g4g3,0.0853242945497873,412.0,0.59583633980064,g4g3,0.045240642220691796,0.2765957446808511,0.2978723404255319,0.10638297872340426,0.0,0.17021276595744683,stable,False,False,True
test,1,35879,4,"[0.700,1.000]",1,5rk1/5ppp/p1p5/1P6/3P2b1/1BP1P1q1/1P6/RN1Q3K w - - 0 1,-0.8166468143463135,-0.66015625,0.15649056434631348,128000,-540.0,-0.7162978701990245,0.15649056434631348,0.05614162019902447,0.10034894414728901,0.02522840036609386,0.010754807735792916,30.0,0,0,-0.874053287886007,0.213897037886007,0.057406473539693526,-0.7162978701990245,0.05614162019902447,0.10034894414728901,-0.5882592563981054,0.07189699360189461,0.2283875579482081,-0.4218990052500079,0.2382572447499921,0.3947478090963056,-510.0,-0.6910694698329306,d1g4,0.12557734451338287,-517.0,-0.69711538533286,d1g4,0.11953142901345348,-540.0,-0.7162978701990245,d1g4,0.10034894414728901,0.19148936170212766,0.19148936170212766,0.0851063829787234,0.0,0.11702127659574468,stable,True,True,True
test,2,39303,0,"[0.000,0.050]",0,8/6p1/2B4p/8/7P/6P1/5r2/4k1K1 w - - 0 1,-0.014998875558376312,-0.0275421142578125,0.012543238699436188,128000,-65.0,-0.10791150943921407,0.012543238699436188,0.08036939518140157,0.09291263388083776,0.05073699485828484,0.02318936232606629,31.0,0,0,-0.1610846096413192,0.1335424953835067,0.1460857340829429,-0.10791150943921407,0.08036939518140157,0.09291263388083776,-0.08107167854757871,0.05352956428976621,0.0660728029892024,-0.05411375326401322,0.02657163900620072,0.03911487770563691,-96.0,-0.1586485042974989,c6a8,0.1436496287391226,-94.0,-0.15539736153535735,c6a8,0.14039848597698104,-65.0,-0.10791150943921407,c6a8,0.09291263388083776,0.7021276595744681,0.7021276595744681,0.10638297872340426,0.14893617021276595,0.4148936170212766,middle,True,True,True
test,2,10853,0,"[0.000,0.050]",0,r3kb1r/5ppp/p1b1pn2/3p4/1p2P3/3BBPP1/PPP1N1P1/R3K2R w KQkq - 0 1,0.023329099640250206,0.052459716796875,0.029130617156624794,128000,74.0,0.1227117692526878,0.029130617156624794,0.0702520524558128,0.0993826696124376,0.03460746956324526,0.014763645621026335,21.0,0,0,0.18291795686556014,0.13045824006868514,0.15958885722530994,0.1227117692526878,0.0702520524558128,0.0993826696124376,0.09223708209155926,0.03977736529468426,0.06890798245130905,0.061588617176587195,0.009128900379712195,0.03825951753633699,53.0,0.08810429968944254,e4e5,0.06477520004919234,69.0,0.11449570919711116,e4e5,0.09116660955686096,74.0,0.1227117692526878,e4e5,0.0993826696124376,0.48936170212765956,0.48936170212765956,0.1276595744680851,0.1702127659574468,0.3191489361702128,stable,True,True,True
test,2,28155,0,"[0.000,0.050]",0,r4r1k/p4pbp/1q4p1/4N3/3NnB2/1b2P2P/PP2QPP1/5RK1 w - - 0 1,0.0,0.033721923828125,0.033721923828125,128000,20.0,0.03332099313882286,0.033721923828125,0.00040093068930213693,0.03332099313882286,0.009991893451399156,0.004710223744251867,6.0,0,0,0.04995837495787997,0.01623645112975497,0.04995837495787997,0.03332099313882286,0.00040093068930213693,0.03332099313882286,0.02499479296842069,0.00872713085970431,0.02499479296842069,0.01666512362823861,0.01705680019988639,0.01666512362823861,14.0,0.023329099687423707,a2b3,0.023329099687423707,20.0,0.03332099313882286,a2b3,0.03332099313882286,20.0,0.03332099313882286,a2b3,0.03332099313882286,0.2127659574468085,0.2127659574468085,0.14893617021276595,0.19148936170212766,0.19148936170212766,stable,True,True,False
test,2,16204,0,"[0.000,0.050]",1,3r4/p5k1/1p2pr1p/1n1p4/2pP1PP1/P1P5/2P1R1B1/2K1R3 w - - 0 1,0.04330623149871826,-0.01348876953125,0.05679500102996826,128000,38.0,0.06324878996353721,0.05679500102996826,0.07673755949478721,0.019942558464818946,0.0397183173588279,0.017992133594637368,24.0,1,0,0.09471523628617855,0.10820400581742855,0.051409004787460286,0.06324878996353721,0.07673755949478721,0.019942558464818946,0.04746430825312217,0.06095307778437217,0.004158076754403911,0.03165608603411248,0.04514485556536248,0.011650145464605785,62.0,0.10296710732236511,e2e6,0.05966087582364685,40.0,0.06656807650226257,e2e6,0.023261845003544307,38.0,0.06324878996353721,g4g5,0.019942558464818946,0.5531914893617021,0.5531914893617021,0.6808510638297872,0.2127659574468085,0.5,middle,False,False,True
test,2,7014,0,"[0.000,0.050]",1,2rr2k1/pp1bbppp/2n1pn2/1N6/4P3/5NP1/PP3PBP/R1BR2K1 w - - 0 1,-0.016665123403072357,0.047943115234375,0.06460823863744736,128000,-15.0,-0.02499479296842069,0.06460823863744736,0.07293790820279569,0.008329669565348332,0.004996210270399454,0.002077109548617498,3.0,0,0,-0.03748243175707048,0.08542554699144547,0.020817308353998122,-0.02499479296842069,0.07293790820279569,0.008329669565348332,-0.018747803043321517,0.06669091827769652,0.0020826796402491597,-0.012499348999020865,0.060442464233395866,0.0041657744040514925,-16.0,-0.026660347476464806,c1e3,0.009995224073392449,-18.0,-0.029991003238820143,c1e3,0.013325879835747786,-15.0,-0.02499479296842069,c1e3,0.008329669565348332,0.10638297872340426,0.0851063829787234,0.1702127659574468,0.23404255319148937,0.14893617021276595,stable,False,False,True
test,2,16351,0,"[0.000,0.050]",1,2kr3r/pp5p/2bqp3/3n1pp1/8/3B4/PP2QPPP/R1BR2K1 w - - 0 1,-0.01833127997815609,-0.11016845703125,0.09183717705309391,128000,27.0,0.044969649583600245,0.09183717705309391,0.15513810661485025,0.06330092956175634,0.026638369986499606,0.011562018698649385,16.0,0,0,0.06739767086580163,0.17756612789705162,0.08572895084395772,0.044969649583600245,0.15513810661485025,0.06330092956175634,0.03373719138276957,0.14390564841401957,0.05206847136092566,0.022496203893709668,0.13266466092495965,0.04082748387186576,11.0,0.01833127959710064,d3c4,0.03666255957525673,24.0,0.03997868031116357,d3c4,0.05830996028931966,27.0,0.044969649583600245,d3c4,0.06330092956175634,0.3829787234042553,0.3829787234042553,0.19148936170212766,0.2553191489361702,0.3031914893617021,stable,False,False,False
test,2,22475,0,"[0.000,0.050]",1,5nk1/pbp3pp/2pb4/3p4/8/2N5/PPP3KP/R1B5 w - - 0 1,-0.04330623149871826,-0.1741943359375,0.13088810443878174,128000,-43.0,-0.07154422222815775,0.13088810443878174,0.10265011370934225,0.028237990729439486,0.05772836137790059,0.02364439436082383,35.0,1,0,-0.10708780630223659,0.06710652963526341,0.06378157480351833,-0.07154422222815775,0.10265011370934225,0.028237990729439486,-0.05369829737822873,0.12049603855927127,0.01039206587951047,-0.035818004208037484,0.1383763317294625,0.007488227290680778,-78.0,-0.12927258360605834,c3e2,0.08596635210734008,-58.0,-0.096366689100842,c1d2,0.053060457602123745,-43.0,-0.07154422222815775,c1d2,0.028237990729439486,0.7446808510638298,0.723404255319149,0.7021276595744681,0.2765957446808511,0.6117021276595745,middle,False,True,True
test,2,39616,0,"[0.000,0.050]",2,8/1p5p/6p1/pNk1p3/Pb6/1P2PK2/6PP/8 w - - 0 1,0.0,-0.1455078125,0.1455078125,128000,10.0,0.01666512362823861,0.1455078125,0.1621729361282386,0.01666512362823861,0.01333180264052942,0.005664975234703741,8.0,1,0,0.02499479296842069,0.1705026054684207,0.02499479296842069,0.01666512362823861,0.1621729361282386,0.01666512362823861,0.012499348999020865,0.15800716149902086,0.012499348999020865,0.008333140437456983,0.15384095293745698,0.008333140437456983,8.0,0.013332543266059059,g2g3,0.013332543266059059,2.0,0.0033333209877091908,f3e4,0.0033333209877091908,10.0,0.01666512362823861,f3e4,0.01666512362823861,0.23404255319148937,0.23404255319148937,0.723404255319149,0.2978723404255319,0.3723404255319149,stable,False,False,False
test,2,2881,0,"[0.000,0.050]",2,2kr2r1/pp3p2/1qn1p3/n3P3/P2p1PP1/B1pQ3P/2P1N2K/R4R2 b - - 0 1,-0.044969648122787476,0.1441650390625,0.18913468718528748,128000,-36.0,-0.059928103529143496,0.18913468718528748,0.2040931425916435,0.01495845540635602,0.031482671639668246,0.01412637180646535,19.0,0,0,-0.0897577847471601,0.23392282380966012,0.04478813662437263,-0.059928103529143496,0.2040931425916435,0.01495845540635602,-0.044969649583600245,0.18913468864610025,1.4608127693604978e-09,-0.029991003238820143,0.17415604230132015,0.014978644883967333,-55.0,-0.09141077516881174,b6a6,0.046441127046024266,-53.0,-0.08810429968944254,b6a6,0.043134651566655066,-36.0,-0.059928103529143496,b6a6,0.01495845540635602,0.425531914893617,0.425531914893617,0.2127659574468085,0.3191489361702128,0.3457446808510638,stable,False,False,True
test,2,10503,0,"[0.000,0.050]",2,8/3k3p/4p1p1/p2pP1P1/Pp1P4/1PPK3P/8/8 w - - 0 1,0.03997867926955223,0.52978515625,0.48980647698044777,128000,49.0,0.08148559261788745,0.48980647698044777,0.44829956363211254,0.041506913348335214,0.07878719844467306,0.03292704888069333,48.0,1,0,0.12189090064943241,0.4078942556005676,0.08191222137988018,0.08148559261788745,0.44829956363211254,0.041506913348335214,0.06117352036416194,0.46861163588583804,0.021194841094609708,0.04081065382184176,0.48897450242815826,0.0008319745522895258,97.0,0.1602727910625605,d3c2,0.12029411179300828,82.0,0.13582209941846443,d3e3,0.0958434201489122,49.0,0.08148559261788745,d3e3,0.041506913348335214,0.8723404255319149,0.8723404255319149,0.7446808510638298,0.3404255319148936,0.7074468085106383,unstable,False,True,True
test,2,29292,1,"[0.050,0.200]",0,r4rk1/1p4pp/2p1b3/p1R1Pp2/3Pp3/4P2P/PP2N1P1/5RK1 w - - 0 1,0.1341858059167862,0.1142578125,0.019927993416786194,128000,109.0,0.1796941997916806,0.019927993416786194,0.06543638729168061,0.045508393874894415,0.019341977437526775,0.00793203851738209,12.0,1,0,0.26594955336092135,0.15169174086092135,0.13176374744413516,0.1796941997916806,0.06543638729168061,0.045508393874894415,0.13541309614672004,0.021155283646720036,0.0012272902299338417,0.09058434234757576,0.023673470152424242,0.043601463569210436,116.0,0.19096002056749656,a2a3,0.056774214650710364,104.0,0.17161804312996978,a2a3,0.03743223721318359,109.0,0.1796941997916806,h3h4,0.045508393874894415,0.2765957446808511,0.2553191489361702,0.6595744680851063,0.19148936170212766,0.3457446808510638,stable,False,True,True
test,2,27017,1,"[0.050,0.200]",0,r2qk2r/pp1nbpp1/2p1pnp1/6B1/3P4/1BN5/PPP3PP/R2Q1RK1 w kq - 0 1,-0.18935361504554749,-0.1456298828125,0.043723732233047485,128000,-117.0,-0.19256539859357566,0.043723732233047485,0.04693551578107566,0.0032117835480281742,0.009647441728015516,0.004220652386224405,6.0,0,0,-0.28443418591487535,0.13880430310237535,0.09508057086932786,-0.19256539859357566,0.04693551578107566,0.0032117835480281742,-0.1452161277265203,0.0004137550859797112,0.0441374873190272,-0.09719221716626866,0.04843766564623134,0.09216139787927882,-116.0,-0.19096002056749656,d1f3,0.0016064055219490725,-111.0,-0.18291795686556014,d1f3,0.006435658179987341,-117.0,-0.19256539859357566,d1f3,0.0032117835480281742,0.0425531914893617,0.0425531914893617,0.1276595744680851,0.2127659574468085,0.10638297872340424,stable,False,True,True
test,2,49725,1,"[0.050,0.200]",2,r7/1p3kpp/2b1pp2/p1P5/3R4/PP2BP2/5KPP/8 b - - 0 1,0.05328282341361046,0.1802978515625,0.12701502814888954,128000,15.0,0.02499479296842069,0.12701502814888954,0.1553030585940793,0.02828803044518977,0.038253996995116515,0.01642615434185295,23.0,1,0,0.03748243175707048,0.14281541980542953,0.01580039165653998,0.02499479296842069,0.1553030585940793,0.02828803044518977,0.018747803043321517,0.16155004851917848,0.03453502037028894,0.012499348999020865,0.16779850256347914,0.04078347441458959,20.0,0.03332099313882286,e6e5,0.019961830274787595,38.0,0.06324878996353721,e6e5,0.00996596654992675,15.0,0.02499479296842069,h7h5,0.02828803044518977,0.5957446808510638,0.5531914893617021,0.6808510638297872,0.23404255319148937,0.5159574468085106,middle,False,True,True
test,2,1616,1,"[0.050,0.200]",2,2rr2k1/5p1p/p4p2/1p6/4n3/1NP5/P4PPP/2R2RK1 w - - 0 1,-0.14725491404533386,0.032623291015625,0.17987820506095886,128000,-118.0,-0.1941697464836912,0.17987820506095886,0.2267930374993162,0.04691483243835734,0.016088878366361026,0.007235925513692558,10.0,1,0,-0.2867302913888035,0.3193535824044285,0.13947537734346965,-0.1941697464836912,0.2267930374993162,0.04691483243835734,-0.14643954535966971,0.17906283637529471,0.0008153686856641473,-0.09801761151771787,0.13064090253334287,0.04923730252761599,-117.0,-0.19256539859357566,f1e1,0.0453104845482418,-108.0,-0.17808086811733018,f1e1,0.030825954071996314,-118.0,-0.1941697464836912,h2h3,0.04691483243835734,0.1702127659574468,0.1702127659574468,0.7021276595744681,0.2553191489361702,0.324468085106383,stable,False,False,True
test,2,47384,2,"[0.200,0.500]",0,8/p3k1p1/1p4Bp/2b2PP1/P6P/1P6/3r1PK1/5R2 b - - 0 1,-0.2989200949668884,-0.267822265625,0.031097829341888428,128000,-179.0,-0.28978664470539495,0.031097829341888428,0.021964379080394947,0.009133450261493481,0.024234280641602657,0.010522810656764818,16.0,0,0,-0.4198418366689064,0.1520195710439064,0.12092174170201797,-0.28978664470539495,0.021964379080394947,0.009133450261493481,-0.220089344809054,0.04773292081594599,0.07883075015783442,-0.14807007165996466,0.11975219396503534,0.15085002330692376,-195.0,-0.3140209253469976,h6g5,0.015100830380109176,-192.0,-0.30950692121263845,h6g5,0.010586826245750025,-179.0,-0.28978664470539495,h6g5,0.009133450261493481,0.19148936170212766,0.19148936170212766,0.19148936170212766,0.0,0.14361702127659576,stable,False,True,True
test,2,15009,2,"[0.200,0.500]",0,5r2/5pk1/p5pp/1p6/1P1n4/3P2P1/1N3PKP/R7 b - - 0 1,0.21651805937290192,0.26171875,0.045200690627098083,128000,158.0,0.2574106598194166,0.045200690627098083,0.004308090180583424,0.04089260044651466,0.11132641242255056,0.05042818570846271,70.0,0,0,0.3756626611656808,0.11394391116568081,0.1591446017927789,0.2574106598194166,0.004308090180583424,0.04089260044651466,0.19497153165403217,0.06674721834596783,0.02154652771886975,0.1309110434076264,0.1308077065923736,0.08560701596527551,94.0,0.15539736153535735,f8a8,0.06112069783754456,164.0,0.2667237739579079,f8a8,0.050205714585006,158.0,0.2574106598194166,f8a8,0.04089260044651466,0.8723404255319149,0.8723404255319149,0.2127659574468085,0.0,0.4893617021276596,middle,True,True,True
test,2,25206,2,"[0.200,0.500]",0,r7/3k4/3p1p2/2n1p2N/2PpPP2/3P2P1/5NK1/8 b - - 0 1,0.4891938269138336,0.53955078125,0.05035695433616638,128000,272.0,0.4246351512897301,0.05035695433616638,0.11491562996026988,0.0645586756241035,0.0400994568227534,0.01657858747033615,30.0,0,0,0.5915193954318164,0.05196861418181642,0.1023255685179828,0.4246351512897301,0.11491562996026988,0.0645586756241035,0.32747739480870536,0.21207338644129464,0.16171643210512826,0.22286294181414545,0.31668783943585455,0.26633088509968816,291.0,0.45023899557964614,d7e7,0.03895483133418748,302.0,0.4647346081124835,d7e7,0.024459218801350102,272.0,0.4246351512897301,d7e7,0.0645586756241035,0.5319148936170213,0.5319148936170213,0.23404255319148937,0.0,0.324468085106383,middle,False,True,True
test,2,46186,2,"[0.200,0.500]",1,R7/1B3p2/P4kpp/8/2p1P3/1b5P/5PPK/3r4 b - - 0 1,-0.36125919222831726,-0.263671875,0.09758731722831726,128000,-186.0,-0.30043709714765415,0.09758731722831726,0.03676522214765415,0.06082209508066311,0.05082414821079556,0.02162851604339372,33.0,0,0,-0.43415057098594506,0.17047869598594506,0.0728913787576278,-0.30043709714765415,0.03676522214765415,0.06082209508066311,-0.2283992855537903,0.0352725894462097,0.13285990667452696,-0.15377052226409266,0.10990135273590734,0.2074886699642246,-153.0,-0.2496129489368586,d1a1,0.11164624329145867,-161.0,-0.2620733186346372,d1a1,0.09918587359368009,-186.0,-0.30043709714765415,d1a1,0.06082209508066311,0.5957446808510638,0.5957446808510638,0.2553191489361702,0.0,0.36170212765957444,middle,True,True,True
test,2,23478,2,"[0.200,0.500]",1,3q1rk1/1b2P2p/1n3bp1/rpp3N1/1n6/7P/P3QPP1/RBB1R1K1 b - - 0 1,-0.34080231189727783,-0.446533203125,0.10573089122772217,128000,-220.0,-0.3510726459789084,0.10573089122772217,0.09546055714609158,0.010270334081630583,0.05823554683950072,0.027114450489371687,39.0,0,0,-0.5005202111902353,0.053987008065235265,0.15971789929295743,-0.3510726459789084,0.09546055714609158,0.010270334081630583,-0.2682711820216014,0.17826202110339862,0.07253112987567645,-0.18130656540177167,0.2652266377232283,0.15949574649550616,-181.0,-0.2928370991394077,d8e7,0.047965212757870135,-219.0,-0.34961054516462703,d8e7,0.008808233267349197,-220.0,-0.3510726459789084,d8e7,0.010270334081630583,0.6808510638297872,0.7446808510638298,0.2765957446808511,0.0,0.425531914893617,middle,False,True,True
test,2,21269,2,"[0.200,0.500]",1,2r5/4bkpp/p3pp2/1p6/nP1N4/P2rB1P1/5PKP/R4R2 w - - 0 1,-0.3856387138366699,-0.246337890625,0.13930082321166992,128000,-263.0,-0.41226199327091606,0.13930082321166992,0.16592410264591606,0.02662327943424614,0.026623268862510097,0.011938551773640909,19.0,0,0,-0.5766972680161979,0.3303593773911979,0.191058554179528,-0.41226199327091606,0.16592410264591606,0.02662327943424614,-0.3173971494712888,0.07105925884628878,0.06824156436538115,-0.21572365173266275,0.030614238892337248,0.16991506210400717,-244.0,-0.38563872440840596,f1c1,1.0571736042130908e-08,-246.0,-0.38847268021606096,f1c1,0.0028339663793910397,-263.0,-0.41226199327091606,f1c1,0.02662327943424614,0.23404255319148937,0.2765957446808511,0.2978723404255319,0.0,0.2021276595744681,stable,False,True,True
test,2,14457,2,"[0.200,0.500]",1,5rk1/3R1p1p/4p3/1p6/4N1n1/4P1P1/1P2r2P/R5K1 w - - 0 1,-0.24648471176624298,-0.039764404296875,0.20672030746936798,128000,-142.0,-0.23234481526335568,0.20672030746936798,0.19258041096648068,0.0141398965028873,0.02662140867143406,0.011359945640477662,17.0,1,0,-0.34080231961773716,0.30103791532086216,0.09431760785149418,-0.23234481526335568,0.19258041096648068,0.0141398965028873,-0.17565907696502286,0.13589467266814786,0.07082563480122012,-0.1177840777795856,0.0780196734827106,0.12870063398665738,-159.0,-0.25896622393478974,b2b4,0.01248151216854676,-146.0,-0.23864174083459025,d7d2,0.007842970931652732,-142.0,-0.23234481526335568,d7d2,0.0141398965028873,0.2127659574468085,0.23404255319148937,0.7659574468085106,0.0,0.30319148936170215,middle,False,True,True
test,2,36425,2,"[0.200,0.500]",2,r1r3k1/1q2bppp/2b1p3/p2pPPP1/N7/pPR5/1P1Q2BP/1K4R1 w - - 0 1,-0.4408886432647705,-0.067138671875,0.3737499713897705,128000,-239.0,-0.3785219953086708,0.3737499713897705,0.3113833234336708,0.0623666479560997,0.008534621087171235,0.0034842465958915135,6.0,0,0,-0.5352682346432502,0.46812956276825024,0.09437959137847973,-0.3785219953086708,0.3113833234336708,0.0623666479560997,-0.29016827514545385,0.22302960327045385,0.15072036811931666,-0.19657431950970516,0.12943564763470516,0.24431432375506534,-242.0,-0.3827974733626647,f5e6,0.05809116990210583,-245.0,-0.38705661639584205,f5e6,0.05383202686892846,-239.0,-0.3785219953086708,f5e6,0.0623666479560997,0.06382978723404255,0.0425531914893617,0.3191489361702128,0.0,0.10638297872340426,stable,False,True,True
test,2,27885,2,"[0.200,0.500]",2,4k3/1b2n2Q/p4R2/1pbq4/3p2pP/2P3P1/PP5K/R1B5 w - - 0 1,-0.36559876799583435,0.7509765625,1.1165753304958344,128000,-181.0,-0.2928370991394077,1.1165753304958344,1.0438136616394078,0.07276166885642665,0.08028187378223456,0.03298182616446383,53.0,0,0,-0.423951838825587,1.174928401325587,0.05835307082975266,-0.2928370991394077,1.0438136616394078,0.07276166885642665,-0.22246693335173895,0.973443495851739,0.1431318346440954,-0.14969979338573983,0.9006763558857398,0.21589897461009452,-160.0,-0.2605204458355026,h7f7,0.10507832216033175,-213.0,-0.34080231961773716,h7f7,0.02479644837809719,-181.0,-0.2928370991394077,h7f7,0.07276166885642665,0.8297872340425532,0.8297872340425532,0.3404255319148936,0.0,0.5,unstable,False,False,True
test,2,34063,3,"[0.500,0.700]",0,8/ppk2r2/2b4R/3n4/2PN1P2/7P/PP6/R5K1 b - - 0 1,-0.6813699007034302,-0.6591796875,0.022190213203430176,128000,-479.0,-0.6631039801737872,0.022190213203430176,0.003924292673787244,0.01826592052964293,0.08585079589821143,0.03961576222635475,84.0,0,0,-0.8328904660394908,0.1737107785394908,0.15152056533606062,-0.6631039801737872,0.003924292673787244,0.01826592052964293,-0.5361594977442448,0.12302018975575524,0.14521040295918541,-0.3792357042639019,0.2799439832360981,0.30213419643952827,-395.0,-0.5772531842755758,f7g7,0.10411671642785436,-475.0,-0.6593521627123083,f7g7,0.022017737991121833,-479.0,-0.6631039801737872,f7g7,0.01826592052964293,0.7021276595744681,0.8297872340425532,0.1276595744680851,0.0,0.4148936170212766,middle,True,True,True
test,2,369,3,"[0.500,0.700]",0,4r1k1/1pp2p2/1b6/5q2/7Q/2P4P/P4PP1/5RK1 w - - 0 1,-0.5214530229568481,-0.394775390625,0.12667763233184814,128000,-390.0,-0.5716699660851172,0.12667763233184814,0.17689457546011722,0.050216943128269076,0.04658602277292223,0.01969097362330139,40.0,2,0,-0.7508932836251672,0.35611789300016716,0.22944026066831902,-0.5716699660851172,0.17689457546011722,0.050216943128269076,-0.4522299625215583,0.05745457189655828,0.06922306043528986,-0.3140209253469976,0.0807544652780024,0.20743209760985054,-350.0,-0.525083943312195,f1d1,0.003630920355346845,-379.0,-0.5591987776366624,h4g3,0.037745754679814225,-390.0,-0.5716699660851172,f1d1,0.050216943128269076,0.3617021276595745,0.3404255319148936,0.8297872340425532,0.0,0.3829787234042553,middle,False,True,True
test,2,48400,3,"[0.500,0.700]",1,r4rk1/p1qn2B1/2bbp1Q1/2pp1p2/5P2/PP2P3/2PN2PP/R4RK1 b - - 0 1,-0.6391093730926514,-0.4921875,0.14692187309265137,128000,-512.0,-0.6928068711409956,0.14692187309265137,0.2006193711409956,0.05369749804834423,0.04010016517900561,0.01637200694255138,44.0,0,0,-0.8564849154724973,0.3642974154724973,0.2173755423798459,-0.6928068711409956,0.2006193711409956,0.05369749804834423,-0.564899552846225,0.07271205284622495,0.07420982024642642,-0.4025318347877246,0.08965566521227541,0.23657753830492678,-468.0,-0.65270670596199,f8f7,0.013597332869338619,-489.0,-0.6723392775532822,f8f7,0.03322990446063079,-512.0,-0.6928068711409956,f8f7,0.05369749804834423,0.2553191489361702,0.2553191489361702,0.14893617021276595,0.0,0.16489361702127658,stable,False,True,True
test,2,4556,3,"[0.500,0.700]",1,4q3/1pk5/1ppn2r1/3p1b2/3P1BpP/P1P3P1/1P4BK/R4Q2 b - - 0 1,-0.5569035410881042,-0.302734375,0.25416916608810425,128000,-287.0,-0.44490784028706626,0.25416916608810425,0.14217346528706626,0.11199570080103799,0.06306959261082995,0.025811143331863757,49.0,1,0,-0.6153583568455542,0.3126239818455542,0.05845481575744993,-0.44490784028706626,0.14217346528706626,0.11199570080103799,-0.3441125253005428,0.041378150300542815,0.21279101578756143,-0.23470847709468398,0.06802589790531602,0.32219506399342024,-336.0,-0.5079774328978962,f5e4,0.04892610819020804,-314.0,-0.48026858828703056,e8f7,0.07663495280107369,-287.0,-0.44490784028706626,e8f7,0.11199570080103799,0.5531914893617021,0.5531914893617021,0.6595744680851063,0.0,0.44148936170212766,middle,False,True,True
test,2,42852,3,"[0.500,0.700]",1,2r2rk1/pp1n2p1/2p1p2p/4q3/Q7/1N4P1/PPP2PB1/2K2R1R b - - 0 1,-0.5926018357276917,-0.275634765625,0.31696707010269165,128000,-488.0,-0.6714249873847628,0.31696707010269165,0.39579022175976275,0.0788231516570711,0.02224758108506486,0.009189720995607218,25.0,2,0,-0.8396541756543753,0.5640194100293753,0.24705233992668363,-0.6714249873847628,0.39579022175976275,0.0788231516570711,-0.5441270988535675,0.26849233322856747,0.04847473687412418,-0.38563872440840596,0.11000395878340596,0.2069631113192857,-497.0,-0.6795800701621949,d7c5,0.08697823443450325,-513.0,-0.6936725684698276,d7b6,0.10107073274213596,-488.0,-0.6714249873847628,c8d8,0.0788231516570711,0.10638297872340426,0.10638297872340426,0.851063829787234,0.0,0.26595744680851063,stable,False,True,True
test,2,30144,4,"[0.700,1.000]",0,5r2/1pp5/3p1N1k/1PP4p/p7/Pq3P2/6PP/B3Q1K1 w - - 0 1,0.8300612568855286,0.79345703125,0.036604225635528564,128000,583.0,0.7494357766606802,0.036604225635528564,0.044021254589319825,0.08062548022484839,0.057496604361292114,0.0269019729857125,72.0,0,0,0.8971659575616286,0.10370892631162865,0.06710470067610008,0.7494357766606802,0.044021254589319825,0.08062548022484839,0.6223000169429661,0.1711570143070339,0.20776123994256246,0.45090315027467054,0.34255388097532946,0.379158106610858,511.0,0.6919391722993881,h2h4,0.1381220845861405,512.0,0.6928068711409956,h2h4,0.13725438574453297,583.0,0.7494357766606802,h2h4,0.08062548022484839,0.5106382978723404,0.5106382978723404,0.10638297872340426,0.0,0.28191489361702127,middle,True,True,True
test,2,31185,4,"[0.700,1.000]",1,r1b2rk1/pp3ppp/2n1p3/7P/1p1PP3/1N4q1/PBnNK1P1/2R2B1R w - - 0 1,-0.7235234379768372,-0.8330078125,0.10948437452316284,128000,-455.0,-0.6400942115152839,0.10948437452316284,0.1929136009847161,0.08342922646155326,0.0901276786166143,0.03943054724888981,84.0,1,0,-0.8135705538363528,0.019437258663647206,0.09004711585951564,-0.6400942115152839,0.1929136009847161,0.08342922646155326,-0.5144406807080799,0.3185671317919201,0.20908275726875725,-0.36198354619174555,0.47102426630825445,0.3615398917850916,-371.0,-0.5499665328986696,c1c2,0.17355690507816757,-440.0,-0.6251004140085175,c1c2,0.0984230239683197,-455.0,-0.6400942115152839,h1h3,0.08342922646155326,0.7446808510638298,0.7659574468085106,0.6595744680851063,0.0,0.5425531914893617,unstable,False,True,True
test,2,31007,4,"[0.700,1.000]",1,5R2/1k4pp/4p3/4B3/4PPK1/2r5/1p4PP/8 b - - 0 1,-0.8016931414604187,-0.60986328125,0.1918298602104187,128000,-527.0,-0.7055833840623383,0.1918298602104187,0.09572010281233834,0.09610975739808036,0.01977432183324379,0.008952489237246937,23.0,1,0,-0.8661608659438628,0.25629758469386277,0.06446772448344407,-0.7055833840623383,0.09572010281233834,0.09610975739808036,-0.5775309419364808,0.0323323393135192,0.2241621995239379,-0.41295345559857766,0.19690982565142234,0.38873968586184104,-525.0,-0.703905603936621,h7h5,0.09778753752379765,-504.0,-0.6858090622290945,h7h5,0.11588407923132416,-527.0,-0.7055833840623383,c3c7,0.09610975739808036,0.14893617021276595,0.14893617021276595,0.6808510638297872,0.0,0.24468085106382978,stable,True,True,True
test,2,11689,4,"[0.700,1.000]",1,7k/6q1/5Qp1/8/p7/2P2PKP/6P1/8 w - - 0 1,0.7494357824325562,0.430419921875,0.31901586055755615,128000,344.0,0.5178030868729363,0.31901586055755615,0.0873831649979363,0.23163269555961985,0.03456470582853677,0.014707506583093749,28.0,0,0,0.6962576726866814,0.2658377508116814,0.05317810974587478,0.5178030868729363,0.0873831649979363,0.23163269555961985,0.405321308689463,0.025098613185537022,0.3441144737430932,0.2790639362144646,0.15135598566053537,0.4703718462180915,351.0,0.5262900314537108,f6h4,0.22314575097884537,323.0,0.491725325625174,f6h4,0.25771045680738214,344.0,0.5178030868729363,f6h4,0.23163269555961985,0.2553191489361702,0.2553191489361702,0.1276595744680851,0.0,0.15957446808510636,stable,True,True,True
test,3,25137,0,"[0.000,0.050]",0,r3rnk1/p2q1p1p/2pbb1pB/1p3p2/3P3P/2PB2N1/PP1QRPP1/4R1K1 b - - 0 1,-0.04829573258757591,-0.061370849609375,0.013075117021799088,128000,-37.0,-0.061588617176587195,0.013075117021799088,0.00021776756721219453,0.013292884589011282,0.031597613937767055,0.014177396814220807,19.0,0,0,-0.09223708209155926,0.030866232482184258,0.043941349503983346,-0.061588617176587195,0.00021776756721219453,0.013292884589011282,-0.04621705097817799,0.015153798631197007,0.00207868160939792,-0.03082356602137364,0.03054728358800136,0.017472166566202273,-18.0,-0.029991003238820143,f7f6,0.01830472934875577,-35.0,-0.05826725814409372,f7f6,0.009971525556517806,-37.0,-0.061588617176587195,f7f6,0.013292884589011282,0.44680851063829785,0.44680851063829785,0.23404255319148937,0.3617021276595745,0.3723404255319149,middle,True,True,True
test,3,17915,0,"[0.000,0.050]",0,rr4k1/3nppbp/b2p1np1/3q4/N1p5/1P3NP1/P1QBPPBP/R4RK1 w - - 0 1,0.008333140052855015,-0.0280914306640625,0.036424570716917515,128000,0.0,0.0,0.036424570716917515,0.0280914306640625,0.008333140052855015,0.0649086127746375,0.026501501697401345,39.0,0,1,0.0,0.0280914306640625,0.008333140052855015,0.0,0.0280914306640625,0.008333140052855015,0.0,0.0280914306640625,0.008333140052855015,0.0,0.0280914306640625,0.008333140052855015,39.0,0.0649086127746375,f3g5,0.05657547272178248,19.0,0.03165608603411248,f3g5,0.023322945981257462,0.0,0.0,f3g5,0.008333140052855015,0.8085106382978723,0.7872340425531915,0.2553191489361702,0.7446808510638298,0.648936170212766,unstable,False,False,False
test,3,395,0,"[0.000,0.050]",2,r2qr1k1/1bp3pp/2nb1p2/p7/Pp1P4/1P1N1PP1/1BPQN2P/R3KR2 b Q - 0 1,-0.03498571366071701,0.2236328125,0.258618526160717,128000,-16.0,-0.026660347476464806,0.258618526160717,0.2502931599764648,0.008325366184252204,0.07495607860090349,0.031022689710086464,45.0,0,2,-0.03997868031116357,0.2636114928111636,0.004992966650446559,-0.026660347476464806,0.2502931599764648,0.008325366184252204,-0.01999733375993093,0.24363014625993093,0.01498837990078608,-0.013332543266059059,0.23696535576605907,0.02165317039465795,29.0,0.04829573112443868,c6e7,0.0832814447851557,0.0,0.0,c6e7,0.03498571366071701,-16.0,-0.026660347476464806,c6e7,0.008325366184252204,0.851063829787234,0.851063829787234,0.2765957446808511,0.9574468085106383,0.7340425531914894,unstable,False,False,True
test,3,37723,1,"[0.050,0.200]",0,3r2k1/ppp3pp/5p2/3n4/3P4/P7/1BP2PPP/4R1K1 b - - 0 1,0.161896213889122,0.1712646484375,0.00936843454837799,128000,90.0,0.14888503362331795,0.00936843454837799,0.022379614814182047,0.013011180265804057,0.026074110878452517,0.010644718182031117,16.0,0,0,0.22127846789844396,0.050013819460943965,0.059382254009321955,0.14888503362331795,0.022379614814182047,0.013011180265804057,0.11202778108923989,0.059236867348260114,0.04986843279988212,0.07485969068749909,0.09640495775000091,0.08703652320162292,98.0,0.16189621029691695,b7b5,3.5922050611869594e-09,82.0,0.13582209941846443,b7b5,0.026074114470657578,90.0,0.14888503362331795,b7b5,0.013011180265804057,0.40425531914893614,0.3617021276595745,0.14893617021276595,0.2765957446808511,0.2978723404255319,stable,False,True,True
test,3,38384,1,"[0.050,0.200]",0,r2qk2r/pp1bBppp/2n1p1n1/3pP3/8/2NB1N2/PP3PPP/R2QR1K1 b kq - 0 1,0.11449570953845978,0.07122802734375,0.04326768219470978,128000,90.0,0.14888503362331795,0.04326768219470978,0.07765700627956795,0.034389324084858175,0.017922014585267987,0.007326404341294767,11.0,0,0,0.22127846789844396,0.15005044055469396,0.10678275835998419,0.14888503362331795,0.07765700627956795,0.034389324084858175,0.11202778108923989,0.040799753745489886,0.0024679284492198916,0.07485969068749909,0.003631663343749092,0.039636018850960686,85.0,0.14072648971223092,d8e7,0.026230780173771145,96.0,0.1586485042974989,d8e7,0.04415279475903913,90.0,0.14888503362331795,d8e7,0.034389324084858175,0.2127659574468085,0.2127659574468085,0.1702127659574468,0.2978723404255319,0.22340425531914893,stable,False,True,True
test,3,34691,1,"[0.050,0.200]",0,5rk1/p2p2pp/1p1pp3/8/3P4/4r2P/PP3NP1/R4K1R b - - 0 1,-0.1161402091383934,-0.0699462890625,0.0461939200758934,128000,-115.0,-0.1893536203402951,0.0461939200758934,0.1194073312777951,0.0732134112019017,0.04350096829755254,0.018092261340314945,27.0,0,0,-0.2798321934754683,0.20988590441296828,0.16369198433707488,-0.1893536203402951,0.1194073312777951,0.0732134112019017,-0.1427679633538647,0.07282167429136471,0.02662775421547131,-0.09554102843578686,0.025594739373286865,0.020599180702606537,-97.0,-0.1602727910625605,f8c8,0.04413258192416711,-124.0,-0.20377375936011305,f8c8,0.08763355022171965,-115.0,-0.1893536203402951,f8c8,0.0732134112019017,0.7021276595744681,0.7021276595744681,0.19148936170212766,0.3191489361702128,0.4787234042553191,middle,False,True,True
test,3,48922,1,"[0.050,0.200]",1,r5k1/pp2r1b1/2p1bp2/6p1/3R4/2N1P1B1/PP3PPR/4K3 w - - 0 1,-0.05328282341361046,-0.10882568359375,0.05554286018013954,128000,-57.0,-0.09471523628617855,0.05554286018013954,0.014110447307571453,0.04143241287256809,0.023068841493407058,0.009700532728532019,14.0,2,0,-0.14154322378898346,0.03271754019523346,0.088260400375373,-0.09471523628617855,0.014110447307571453,0.04143241287256809,-0.07112967596770786,0.03769600762604214,0.017846852554097403,-0.04746430825312217,0.06136137534062783,0.005818515160488286,-61.0,-0.10131782952251743,d4d2,0.04803500610890697,-71.0,-0.1177840777795856,e1d1,0.06450125436597515,-57.0,-0.09471523628617855,d4d2,0.04143241287256809,0.3404255319148936,0.3404255319148936,0.9148936170212766,0.3404255319148936,0.48404255319148937,middle,True,True,True
test,3,48683,1,"[0.050,0.200]",1,1r4k1/p1pbq1pp/1rnppb2/5p2/2PP4/Q1B1P1P1/P2N1PBP/R4RK1 b - - 0 1,-0.06490861624479294,0.0036945343017578125,0.06860315054655075,128000,-37.0,-0.061588617176587195,0.06860315054655075,0.06528315147834501,0.0033199990682057437,0.006644008487399773,0.0028232246176206977,4.0,1,0,-0.09223708209155926,0.09593161639331707,0.02732846584676632,-0.061588617176587195,0.06528315147834501,0.0033199990682057437,-0.04621705097817799,0.049911585279935805,0.018691565266614946,-0.03082356602137364,0.03451810032313145,0.0340850502234193,-33.0,-0.05494460868918742,h7h5,0.009964007555605517,-36.0,-0.059928103529143496,h7h5,0.004980512715649442,-37.0,-0.061588617176587195,e6e5,0.0033199990682057437,0.02127659574468085,0.02127659574468085,0.723404255319149,0.3617021276595745,0.28191489361702127,stable,False,False,True
test,3,2082,1,"[0.050,0.200]",2,rn1q1rk1/ppp3pp/8/3P1p2/3P2b1/3n1N2/PP2Q1PK/RNB1R3 w - - 0 1,-0.14725491404533386,-0.291259765625,0.14400485157966614,128000,-132.0,-0.21651806149302882,0.14400485157966614,0.07474170413197118,0.06926314744769496,0.12015137239218682,0.049180794871725324,74.0,0,0,-0.31852077690277086,0.027261011277770864,0.171265862857437,-0.21651806149302882,0.07474170413197118,0.06926314744769496,-0.1635187536836725,0.1277410119413275,0.016263839638338634,-0.10955847021442953,0.18170129541057045,0.03769644383090433,-58.0,-0.096366689100842,e2e6,0.050888224944491856,-90.0,-0.14888503362331795,e2e6,0.0016301195779840905,-132.0,-0.21651806149302882,e2e6,0.06926314744769496,0.9787234042553191,0.9787234042553191,0.2127659574468085,0.3829787234042553,0.6382978723404255,middle,False,True,True
test,3,1314,1,"[0.050,0.200]",2,6k1/5pp1/7p/4p3/2R1Pq2/1P5P/P2r2P1/4Q1K1 w - - 0 1,0.051620740443468094,-0.277099609375,0.3287203498184681,128000,49.0,0.08148559261788745,0.3287203498184681,0.35858520199288746,0.02986485217441935,0.028202769716919512,0.012040948742493316,17.0,1,0,0.12189090064943241,0.3989905100244324,0.07027016020596431,0.08148559261788745,0.35858520199288746,0.02986485217441935,0.06117352036416194,0.33827312973916196,0.009552779920693845,0.04081065382184176,0.31791026319684174,0.010810086621626337,32.0,0.05328282290096793,a2a4,0.0016620824574998389,45.0,0.07485969068749909,a2a4,0.023238950244030998,49.0,0.08148559261788745,g2g3,0.02986485217441935,0.425531914893617,0.425531914893617,0.7446808510638298,0.40425531914893614,0.5,middle,False,False,True
test,3,37880,2,"[0.200,0.500]",1,1qr3k1/1p1n1p2/p1rP1np1/Q1P1p2p/P7/4BP2/4B1PP/2RR2K1 b - - 0 1,-0.3274773955345154,-0.1788330078125,0.14864438772201538,128000,-226.0,-0.3598091632138393,0.14864438772201538,0.18097615540133932,0.03233176767932394,0.1337808109351684,0.05699371978359177,88.0,0,0,-0.511677798189594,0.332844790377094,0.18420040265507864,-0.3598091632138393,0.18097615540133932,0.03233176767932394,-0.2752173052438501,0.09638429743135007,0.052260090290665306,-0.1861377851291081,0.007304777316608113,0.14133961040540727,-138.0,-0.22602835227867094,d7c5,0.10144904325584445,-204.0,-0.32747739480870536,d7c5,7.258100231943843e-10,-226.0,-0.3598091632138393,d7c5,0.03233176767932394,0.9574468085106383,0.9574468085106383,0.3617021276595745,0.0,0.5691489361702128,unstable,False,True,True
test,3,35688,2,"[0.200,0.500]",1,1qk2r2/1p3p2/p2rpQp1/8/2P5/P6P/5PP1/3R1RK1 w - - 0 1,0.43279707431793213,0.58349609375,0.15069901943206787,128000,213.0,0.34080231961773716,0.15069901943206787,0.24269377413226284,0.09199475470019497,0.013189392859308813,0.005903836266885912,9.0,0,0,0.48728978351252417,0.09620631023747583,0.05449270919459204,0.34080231961773716,0.24269377413226284,0.09199475470019497,0.26013201657003654,0.32336407717996346,0.1726650577478956,0.17565907696502286,0.40783701678497714,0.25713799735290926,221.0,0.35253303678333087,f6e7,0.08026403753460126,222.0,0.35399171247704597,f6e7,0.07880536184088616,213.0,0.34080231961773716,f6e7,0.09199475470019497,0.0851063829787234,0.0851063829787234,0.3829787234042553,0.0,0.13829787234042554,stable,False,True,True
test,3,13938,2,"[0.200,0.500]",1,4k2r/3bbp2/p1pp1p2/q3pP1p/1r2P3/1BNR4/PPPQ2PP/1K1R4 b k - 0 1,-0.4218989908695221,-0.25537109375,0.1665278971195221,128000,-242.0,-0.3827974733626647,0.1665278971195221,0.12742637961266468,0.03910151750685742,0.057745007968273365,0.024062407152081963,41.0,1,0,-0.5405978980932037,0.2852268043432037,0.1186989072236816,-0.3827974733626647,0.12742637961266468,0.03910151750685742,-0.2935987851159713,0.03822769136597132,0.12830020575355078,-0.19897653031498871,0.056394563435011286,0.22292246055453338,-270.0,-0.4218990052500079,b4b7,1.4380485802156784e-08,-229.0,-0.36415399728173453,a5c5,0.05774499358778756,-242.0,-0.3827974733626647,a5c5,0.03910151750685742,0.6595744680851063,0.6595744680851063,0.7872340425531915,0.0,0.526595744680851,unstable,False,True,True
test,3,46698,3,"[0.500,0.700]",2,1r1qr1k1/p4p2/5p1p/1bp4Q/2Pp4/1R6/P1P2PPP/5RK1 w - - 0 1,0.658409059047699,-0.03399658203125,0.692405641078949,128000,417.0,0.601184486302663,0.692405641078949,0.635181068333913,0.057224572745036006,0.09248808216716464,0.038199249467249376,96.0,0,0,0.7788733737673915,0.8128699557986415,0.12046431471969254,0.601184486302663,0.635181068333913,0.057224572745036006,0.4786641893050029,0.5126607713362529,0.1797448697426961,0.3341565541912505,0.3681531362225005,0.32425250485644846,513.0,0.6936725684698276,h5h6,0.035263509422128636,450.0,0.6351489523872873,h5h6,0.023260106660411672,417.0,0.601184486302663,h5h6,0.057224572745036006,0.8085106382978723,0.7659574468085106,0.1702127659574468,0.0,0.4361702127659574,middle,False,False,True
test,3,38712,4,"[0.700,1.000]",0,r1b3k1/pp1prppp/5qn1/3Q1PB1/8/1B6/PP4PP/R3R2K b - - 0 1,-0.845930278301239,-0.80859375,0.037336528301239014,128000,-616.0,-0.7725680008833548,0.037336528301239014,0.036025749116645245,0.07336227741788426,0.14143885193549144,0.060302801603018354,189.0,2,0,-0.9121203692077173,0.10352661920771733,0.06619009090647832,-0.7725680008833548,0.036025749116645245,0.07336227741788426,-0.6469294504417665,0.16166429955823347,0.19900082785947248,-0.47253829897924615,0.33605545102075385,0.37339197932199286,-481.0,-0.6649674979566038,f6g5,0.1809627803446352,-670.0,-0.8064063498920953,g6f4,0.03952392840914376,-616.0,-0.7725680008833548,f6g5,0.07336227741788426,0.8936170212765957,0.8936170212765957,0.9148936170212766,0.0,0.675531914893617,unstable,True,True,True
test,3,45960,4,"[0.700,1.000]",0,8/p2r2pk/8/R4KPP/P7/8/8/8 w - - 0 1,0.7013741135597229,0.74853515625,0.0471610426902771,128000,271.0,0.42326804337162593,0.0471610426902771,0.32526711287837407,0.27810607018809697,0.08689249903529372,0.03724935607416142,61.0,0,0,0.5898917298212702,0.15864342642872975,0.11148238373845265,0.42326804337162593,0.32526711287837407,0.27810607018809697,0.32636099019871284,0.42217416605128716,0.37501312336101006,0.22207085146687394,0.5264643047831261,0.47930326209284896,257.0,0.40392751069209876,f5e6,0.29744660286762414,210.0,0.3363755443363322,f5e6,0.3649985692233907,271.0,0.42326804337162593,f5e6,0.27810607018809697,0.723404255319149,0.723404255319149,0.14893617021276595,0.0,0.39893617021276595,middle,False,True,True
test,3,4502,4,"[0.700,1.000]",0,8/4k3/8/3K4/2p1R3/2P5/r5P1/8 b - - 0 1,-0.7508932948112488,-0.8388671875,0.08797389268875122,128000,-439.0,-0.6240839401653192,0.08797389268875122,0.2147832473346808,0.12680935464592957,0.05466222811729271,0.02241333432060742,51.0,1,0,-0.7995992196179785,0.03926796788202147,0.04870592480672975,-0.6240839401653192,0.2147832473346808,0.12680935464592957,-0.4995827757740295,0.3392844117259705,0.2513105190372193,-0.3503418090029868,0.4885253784970132,0.400551485808262,-388.0,-0.5694217120480265,e7d7,0.18147158276322228,-417.0,-0.601184486302663,e7d7,0.1497088085085858,-439.0,-0.6240839401653192,e7f6,0.12680935464592957,0.44680851063829785,0.40425531914893614,0.7021276595744681,0.0,0.3882978723404255,middle,False,True,True
test,3,2349,4,"[0.700,1.000]",1,3r1rk1/ppp1bppp/5n2/4n1B1/3N4/7P/PPP1BPP1/1R1QR1K1 w - - 0 1,0.8440235257148743,0.96142578125,0.11740225553512573,128000,699.0,0.8226626734905335,0.11740225553512573,0.13876310775946654,0.02136085222434081,0.024254056254475964,0.010069059269823337,46.0,0,0,0.941090337649905,0.020335443600094982,0.09706681193503075,0.8226626734905335,0.13876310775946654,0.02136085222434081,0.7032744027568788,0.2581513784931212,0.14074912295799547,0.5244801068542184,0.4369456743957816,0.31954341886065585,684.0,0.814414093765686,c2c3,0.029609431949188303,730.0,0.8386681500201619,c2c3,0.005355375694712339,699.0,0.8226626734905335,c2c3,0.02136085222434081,0.1702127659574468,0.1702127659574468,0.1702127659574468,0.0,0.1276595744680851,stable,False,True,True
test,3,1682,4,"[0.700,1.000]",1,r4rk1/ppp2ppp/3b4/6B1/2BP1P2/2P2p1q/PP3P2/RN1Q2K1 w - - 0 1,-0.7487043142318726,-0.53955078125,0.20915353298187256,128000,-476.0,-0.6602932189044453,0.20915353298187256,0.12074243765444526,0.0884110953274273,0.012368659312695485,0.005622403936056683,13.0,0,0,-0.8305788685385284,0.29102808728852836,0.0818745543066558,-0.6602932189044453,0.12074243765444526,0.0884110953274273,-0.5334821284570855,0.006068652792914464,0.21522218577478702,-0.37709322676595913,0.16245755448404087,0.3716110874659134,-477.0,-0.6612322061319625,c4f1,0.08747210809991002,-464.0,-0.6488635468192671,c4f1,0.0998407674126055,-476.0,-0.6602932189044453,c4f1,0.0884110953274273,0.10638297872340426,0.10638297872340426,0.19148936170212766,0.0,0.10106382978723405,stable,False,True,True
test,3,10438,4,"[0.700,1.000]",2,8/pp3p1p/4p2P/1P6/4k1p1/P3P1P1/5PK1/3q4 b - - 0 1,1.0,0.583984375,0.416015625,128000,1200.0,0.9640275800758169,0.416015625,0.3800432050758169,0.0359724199241831,0.0,0.0,0.0,1,0,0.9950547536867305,0.41107037868673046,0.004945246313269536,0.9640275800758169,0.3800432050758169,0.0359724199241831,0.9051482536448665,0.3211638786448665,0.09485174635513349,0.7615941559557649,0.17760978095576485,0.23840584404423515,1200.0,0.9640275800758169,d1f3,0.0359724199241831,1200.0,0.9640275800758169,d1f3,0.0359724199241831,1200.0,0.9640275800758169,e4d3,0.0359724199241831,0.0,0.0,0.723404255319149,0.0,0.18085106382978725,stable,False,True,True
test,4,26493,0,"[0.000,0.050]",0,r3k2r/pp1q1pb1/2np2p1/3Np2n/4P3/4BQN1/PPP2P1P/R3K2R b KQkq - 0 1,-0.021663276478648186,-0.02508544921875,0.0034221727401018143,128000,6.0,0.00999966667999946,0.0034221727401018143,0.035085115898749464,0.03166294315864765,0.0366609303429167,0.01690303438987842,22.0,0,1,0.01499887510124078,0.04008432431999078,0.03666215157988897,0.00999966667999946,0.035085115898749464,0.03166294315864765,0.00749985937816399,0.03258530859691399,0.029163135856812177,0.004999958333749996,0.030085407552499995,0.02666323481239818,-15.0,-0.02499479296842069,h5f4,0.0033315164897725034,7.0,0.011666137374496012,h5f4,0.033329413853144196,6.0,0.00999966667999946,h5f4,0.03166294315864765,0.5106382978723404,0.5319148936170213,0.2978723404255319,0.7659574468085106,0.526595744680851,middle,False,False,False
test,4,25528,0,"[0.000,0.050]",0,6nk/6p1/p6p/1pQ5/1P2qP1B/7P/6P1/6K1 w - - 0 1,0.0,0.0082855224609375,0.0082855224609375,128000,0.0,0.0,0.0082855224609375,0.0082855224609375,0.0,0.004999958333749996,0.002357002962296542,3.0,0,1,0.0,0.0082855224609375,0.0,0.0,0.0082855224609375,0.0,0.0,0.0082855224609375,0.0,0.0,0.0082855224609375,0.0,3.0,0.004999958333749996,c5d6,0.004999958333749996,0.0,0.0,c5d6,0.0,0.0,0.0,c5d6,0.0,0.14893617021276595,0.14893617021276595,0.3191489361702128,0.7872340425531915,0.35106382978723405,stable,False,False,True
test,4,21025,0,"[0.000,0.050]",1,r2r2k1/pb2b1pp/8/2p5/4p1N1/4B2P/PP3PP1/R2R2K1 b - - 0 1,-0.0,0.09326171875,0.09326171875,128000,2.0,0.0033333209877091908,0.09326171875,0.08992839776229081,0.0033333209877091908,0.006666345692290269,0.003142545496501453,4.0,2,0,0.004999958333749996,0.08826176041625,0.004999958333749996,0.0033333209877091908,0.08992839776229081,0.0033333209877091908,0.0024999947916796877,0.09076172395832031,0.0024999947916796877,0.001666665123458505,0.0915950536265415,0.001666665123458505,6.0,0.00999966667999946,b7d5,0.00999966667999946,2.0,0.0033333209877091908,g8f7,0.0033333209877091908,2.0,0.0033333209877091908,d8d5,0.0033333209877091908,0.1702127659574468,0.1702127659574468,0.9148936170212766,0.3829787234042553,0.40957446808510634,middle,False,True,False
test,4,32603,0,"[0.000,0.050]",2,6k1/p1p3p1/2p4p/8/P5P1/1P1P3P/2r2PK1/5R2 b - - 0 1,-0.03997867926955223,-0.1986083984375,0.15862971916794777,128000,-30.0,-0.04995837495787997,0.15862971916794777,0.14865002347962003,0.009979695688327739,0.0166218732953431,0.006830757149029903,10.0,0,0,-0.07485969068749909,0.12374870775000091,0.03488101141794686,-0.04995837495787997,0.14865002347962003,0.009979695688327739,-0.03748243175707048,0.16112596668042953,0.0024962475124817515,-0.02499479296842069,0.1736136054690793,0.014983886301131542,-36.0,-0.059928103529143496,c2c3,0.019949424259591265,-26.0,-0.0433062302338004,c2c3,0.003327550964248166,-30.0,-0.04995837495787997,c2c3,0.009979695688327739,0.2765957446808511,0.2765957446808511,0.3404255319148936,0.40425531914893614,0.324468085106383,stable,False,True,True
test,4,26830,0,"[0.000,0.050]",2,3r4/ppr2pkp/1q2npp1/3P4/8/1BQ4P/PP3PP1/3RR1K1 w - - 0 1,-0.016665123403072357,0.155029296875,0.17169442027807236,128000,-26.0,-0.0433062302338004,0.17169442027807236,0.1983355271088004,0.02664110683072804,0.0666353299212241,0.027248796351848847,40.0,1,1,-0.0649086127746375,0.2199379096496375,0.04824348937156514,-0.0433062302338004,0.1983355271088004,0.02664110683072804,-0.032488562124144915,0.18751785899914492,0.015823438721072558,-0.02166327687109476,0.17669257374609476,0.004998153468022404,14.0,0.023329099687423707,c3g3,0.039994223090496064,-4.0,-0.0066665679029903665,c3g3,0.00999855550008199,-26.0,-0.0433062302338004,b3c4,0.02664110683072804,0.8297872340425532,0.8297872340425532,0.7659574468085106,0.8085106382978723,0.8085106382978724,unstable,False,False,True
test,4,5735,0,"[0.000,0.050]",2,5r2/P6R/1k6/5p1p/5Pp1/4K1P1/8/8 b - - 0 1,-0.0,-0.474365234375,0.474365234375,128000,-9.0,-0.01499887510124078,0.474365234375,0.45936635927375924,0.01499887510124078,0.05820328360594066,0.026686535340984828,35.0,0,0,-0.022496203893709668,0.45186903048129035,0.022496203893709668,-0.01499887510124078,0.45936635927375924,0.01499887510124078,-0.011249525414650869,0.46311570896034915,0.011249525414650869,-0.00749985937816399,0.466865374996836,0.00749985937816399,-44.0,-0.07320215870718144,f8a8,0.07320215870718144,-11.0,-0.01833127959710064,f8a8,0.01833127959710064,-9.0,-0.01499887510124078,f8a8,0.01499887510124078,0.7659574468085106,0.8085106382978723,0.3617021276595745,0.425531914893617,0.5904255319148936,middle,False,True,False
test,4,12605,1,"[0.050,0.200]",0,r2q1bk1/1p3p1p/p4pb1/3p4/P2N4/1P4P1/2P2PBP/2R1Q1K1 w - - 0 1,0.15539735555648804,0.1572265625,0.0018292069435119629,128000,80.0,0.13254878839087839,0.0018292069435119629,0.024677774109121614,0.02284856716560965,0.04714541140080222,0.01954700160136837,29.0,1,0,0.197375320224904,0.040148757724904005,0.04197796466841597,0.13254878839087839,0.024677774109121614,0.02284856716560965,0.09966799462495582,0.05755856787504418,0.05572936093153222,0.06656807650226257,0.09065848599773743,0.08882927905422547,90.0,0.14888503362331795,c1d1,0.006512321933170084,109.0,0.1796941997916806,e1d2,0.024296844235192572,80.0,0.13254878839087839,e1d2,0.02284856716560965,0.7446808510638298,0.7446808510638298,0.7659574468085106,0.425531914893617,0.6702127659574468,unstable,False,True,True
test,4,32588,1,"[0.050,0.200]",0,3r1rk1/bp3pp1/p1n4p/8/8/2PRPN1P/qP2QNP1/3R2K1 b - - 0 1,0.15377052128314972,0.17578125,0.02201072871685028,128000,83.0,0.1374576482601213,0.02201072871685028,0.0383236017398787,0.016312873023028418,0.040623219857208875,0.016933321444087848,25.0,0,0,0.2045723537772613,0.028791103777261295,0.050801832494111576,0.1374576482601213,0.0383236017398787,0.016312873023028418,0.10337933868540024,0.07240191131459976,0.05039118259774948,0.06905657890881525,0.10672467109118475,0.08471394237433447,108.0,0.17808086811733018,d8d3,0.024310346834180457,91.0,0.15051434989128484,d8d3,0.003256171391864876,83.0,0.1374576482601213,d8d3,0.016312873023028418,0.6808510638297872,0.6595744680851063,0.23404255319148937,0.44680851063829785,0.5053191489361702,middle,False,True,True
test,4,46240,1,"[0.050,0.200]",0,r1bq1rk1/pp2b1pp/1n2pp2/3pP3/3P3P/1P1Q1N2/P4PP1/RNB2RK1 w - - 0 1,0.07982976734638214,0.048248291015625,0.03158147633075714,128000,64.0,0.10626395613790249,0.03158147633075714,0.05801566512227749,0.026434188791520347,0.059346629683696944,0.024280758982121748,36.0,0,0,0.1586485042974989,0.11040021328187391,0.07881873695111677,0.10626395613790249,0.05801566512227749,0.026434188791520347,0.07982976911113136,0.03158147809550636,1.7647492217554017e-09,0.05328282290096793,0.005034531885342933,0.02654694444541421,80.0,0.13254878839087839,e5f6,0.052719021044496245,44.0,0.07320215870718144,e5f6,0.006627608639200699,64.0,0.10626395613790249,e5f6,0.026434188791520347,0.7872340425531915,0.7872340425531915,0.2553191489361702,0.46808510638297873,0.574468085106383,middle,False,True,True
test,4,19555,1,"[0.050,0.200]",1,r2q1rk1/pp3ppp/2n1p2n/2bpP3/3N1P2/2P1B3/PP4PP/RN1Q1RK1 b - - 0 1,0.16838105022907257,0.10528564453125,0.06309540569782257,128000,126.0,0.20696649972945258,0.06309540569782257,0.10168085519820258,0.03858544950038001,0.03373134189479249,0.015538631444551098,21.0,0,0,0.30497892438548896,0.19969327985423896,0.1365978741564164,0.20696649972945258,0.10168085519820258,0.03858544950038001,0.15621046576861825,0.050924821237368245,0.012170584460454326,0.10461581914865054,0.0006698253825994649,0.06376523108042204,125.0,0.20537067595698338,d8b6,0.03698962572791081,105.0,0.1732351578346601,d8b6,0.004854107605587521,126.0,0.20696649972945258,d8b6,0.03858544950038001,0.48936170212765956,0.5319148936170213,0.2765957446808511,0.48936170212765956,0.44680851063829785,middle,False,True,True
test,4,18550,1,"[0.050,0.200]",1,r2qkb1r/pp3ppp/2n1p3/1N6/5Q2/8/PP1P1PPP/R1B2RK1 b kq - 0 1,0.08645033091306686,0.163818359375,0.07736802846193314,128000,57.0,0.09471523628617855,0.07736802846193314,0.06910312308882145,0.008264905373111683,0.03478713275703505,0.014627973750630205,21.0,1,0,0.14154322378898346,0.022275135586016542,0.055092892875916594,0.09471523628617855,0.06910312308882145,0.008264905373111683,0.07112967596770786,0.09268868340729214,0.015320654945359002,0.04746430825312217,0.11635405112187783,0.03898602265994469,36.0,0.059928103529143496,a8c8,0.026522227383923368,42.0,0.069885890316429,e6e5,0.016564440596637864,57.0,0.09471523628617855,e6e5,0.008264905373111683,0.5106382978723404,0.5106382978723404,0.7872340425531915,0.5106382978723404,0.5797872340425532,middle,False,True,True
test,4,34918,1,"[0.050,0.200]",1,2kr2r1/pppqbp1p/7p/3P1b2/2QP4/2N5/P4PPP/2R1NR1K b - - 0 1,0.14235976338386536,0.0645751953125,0.07778456807136536,128000,68.0,0.1128505788988202,0.07778456807136536,0.048275383586320206,0.02950918448504515,0.019773522647064584,0.008650834930980516,12.0,0,0,0.1683810458708147,0.1038058505583147,0.02602128248694935,0.1128505788988202,0.048275383586320206,0.02950918448504515,0.08479588154870199,0.02022068623620199,0.057563881835163366,0.0566060901516576,0.007969105160842399,0.08575367323220776,58.0,0.096366689100842,e7d6,0.04599307428302335,70.0,0.11614021174790659,e7d6,0.026219551635958765,68.0,0.1128505788988202,e7d6,0.02950918448504515,0.2978723404255319,0.2978723404255319,0.2978723404255319,0.5319148936170213,0.35638297872340424,stable,False,True,True
test,4,17429,1,"[0.050,0.200]",1,r2qkb1r/p2bnppp/4p3/2PpP3/8/4B3/PP3PPP/RN1QK1NR w KQkq - 0 1,-0.10791151225566864,-0.0187530517578125,0.08915846049785614,128000,-80.0,-0.13254878839087839,0.08915846049785614,0.11379573663306589,0.024637276135209746,0.0842530572664397,0.037910615842116184,51.0,2,0,-0.197375320224904,0.1786222684670915,0.08946380796923536,-0.13254878839087839,0.11379573663306589,0.024637276135209746,-0.09966799462495582,0.08091494286714332,0.008243517630712821,-0.06656807650226257,0.04781502474445007,0.04134343575340607,-29.0,-0.04829573112443868,e3d4,0.05961578113122996,-34.0,-0.0566060901516576,g1f3,0.05130542210401104,-80.0,-0.13254878839087839,d1c2,0.024637276135209746,0.9361702127659575,0.9361702127659575,0.9361702127659575,0.5531914893617021,0.8404255319148937,unstable,False,True,True
test,4,3918,1,"[0.050,0.200]",1,rn2k2r/1p3pp1/2p1p3/p3P2p/PbqP4/5Q2/4NPP1/1RB2RK1 w kq - 0 1,-0.06988588720560074,-0.1763916015625,0.10650571435689926,128000,-34.0,-0.0566060901516576,0.10650571435689926,0.1197855114108424,0.013279797053943138,0.06774691161993861,0.031936200407269535,41.0,0,0,-0.08479588154870199,0.09159572001379801,0.014909994343101252,-0.0566060901516576,0.1197855114108424,0.013279797053943138,-0.04247442993254818,0.13391717162995181,0.02741145727305256,-0.0283257539770161,0.1480658475854839,0.041560133228584636,-75.0,-0.12435300177159621,e2g3,0.05446711456599547,-75.0,-0.12435300177159621,e2g3,0.05446711456599547,-34.0,-0.0566060901516576,e2g3,0.013279797053943138,0.8936170212765957,0.9148936170212766,0.3191489361702128,0.574468085106383,0.675531914893617,unstable,False,True,True
test,4,8461,1,"[0.050,0.200]",1,r1b2rk1/1p2qpbp/p4np1/2n5/P1B1p3/Q1N1P1B1/1P1N1PPP/R4RK1 b - - 0 1,-0.15377052128314972,-0.044952392578125,0.10881812870502472,128000,-119.0,-0.19577305632462053,0.10881812870502472,0.15082066374649553,0.042002535041470807,0.06813963869806444,0.02781803975093147,42.0,0,0,-0.2890231074125892,0.2440707148344642,0.13525258612943947,-0.19577305632462053,0.15082066374649553,0.042002535041470807,-0.1476625151832187,0.10271012260509371,0.006108006099931007,-0.09884287104157305,0.05389047846344805,0.05492765024157667,-98.0,-0.16189621029691695,f8e8,0.008125689013767229,-77.0,-0.12763341762655608,f8e8,0.026137103656593635,-119.0,-0.19577305632462053,f8e8,0.042002535041470807,0.9148936170212766,0.8936170212765957,0.3404255319148936,0.5957446808510638,0.6861702127659575,unstable,False,True,True
test,4,14246,1,"[0.050,0.200]",2,r3r1k1/pp1q1p1p/6p1/3p1pbn/3P4/1QP2P1P/PP4PB/R3RNK1 w - - 0 1,-0.09141077846288681,0.045684814453125,0.1370955929160118,128000,-71.0,-0.1177840777795856,0.1370955929160118,0.1634688922327106,0.026373299316698795,0.009853342376894475,0.004310016156054597,6.0,0,0,-0.17565907696502286,0.22134389141814786,0.08424829850213605,-0.1177840777795856,0.1634688922327106,0.026373299316698795,-0.0885177168357463,0.1342025312888713,0.0028930616271405085,-0.05909772173335015,0.10478253618647515,0.03231305672953666,-76.0,-0.12599355412480107,e1e5,0.034582775661914256,-70.0,-0.11614021174790659,e1e5,0.02472943328501978,-71.0,-0.1177840777795856,e1e5,0.026373299316698795,0.06382978723404255,0.06382978723404255,0.3617021276595745,0.6170212765957447,0.2765957446808511,stable,False,False,True
test,4,44643,1,"[0.050,0.200]",2,r3r3/ppp2kpp/2n1bn2/8/4P3/P4P2/1B1N2PP/2R1K1NR b K - 0 1,-0.07982976734638214,0.07989501953125,0.15972478687763214,128000,-46.0,-0.07651680911202627,0.15972478687763214,0.15641182864327627,0.0033129582343558728,0.06094083914809503,0.02511710614212696,37.0,2,0,-0.11449570919711116,0.19439072872836116,0.03466594185072902,-0.07651680911202627,0.15641182864327627,0.0033129582343558728,-0.05743671390287926,0.13733173343412924,0.022393053443502883,-0.038314568128458674,0.11820958765970868,0.04151519921792347,-60.0,-0.09966799462495582,e8d8,0.019838227278573678,-83.0,-0.1374576482601213,f6d7,0.05762788091373916,-46.0,-0.07651680911202627,f7g8,0.0033129582343558728,0.8085106382978723,0.8085106382978723,0.9574468085106383,0.6382978723404256,0.803191489361702,unstable,False,False,True
test,4,34803,1,"[0.050,0.200]",2,2rk1b1r/pp4pp/5q2/3pp2b/B2p1nQP/3P4/PPP2PP1/RNBK3R w - - 0 1,-0.17000000178813934,-0.48193359375,0.31193359196186066,128000,-125.0,-0.20537067595698338,0.31193359196186066,0.2765629177930166,0.03537067416884404,0.046722171659484474,0.019163946763910086,29.0,0,0,-0.3027097293321085,0.1792238644178915,0.13270972754396915,-0.20537067595698338,0.2765629177930166,0.03537067416884404,-0.1549907303716235,0.3269428633783765,0.01500927141651584,-0.10379153453646235,0.37814205921353766,0.06620846725167699,-96.0,-0.1586485042974989,g4h5,0.011351497490640433,-108.0,-0.17808086811733018,g4h5,0.008080866329190833,-125.0,-0.20537067595698338,g4h5,0.03537067416884404,0.723404255319149,0.723404255319149,0.3829787234042553,0.6595744680851063,0.6223404255319149,middle,False,True,True
test,4,11879,2,"[0.200,0.500]",0,r3kr2/pppq2pp/2n2n2/4p3/8/3P4/PPP2PPP/RNBQ1RK1 w q - 0 1,0.2085612267255783,0.14990234375,0.05865888297557831,128000,97.0,0.1602727910625605,0.05865888297557831,0.01037044731256051,0.0482884356630178,0.07049472171980381,0.02954903790329107,44.0,2,0,0.23785570960038063,0.08795336585038063,0.029294482874802324,0.1602727910625605,0.01037044731256051,0.0482884356630178,0.12065928537710655,0.029243058372893455,0.08790194134847176,0.08065773651240324,0.06924460723759676,0.12790349021317507,141.0,0.23076751278236432,b1c3,0.022206286056786012,110.0,0.18130656540177167,c1e3,0.027254661323806634,97.0,0.1602727910625605,b1c3,0.0482884356630178,0.8085106382978723,0.7872340425531915,0.9361702127659575,0.0,0.6329787234042553,unstable,True,True,True
test,4,32299,2,"[0.200,0.500]",1,3r1n2/1bp1r1k1/pp1qnp1p/3p2p1/1P1P4/2NNP1P1/PQ3PBP/2RR2K1 w - - 0 1,0.24648471176624298,0.11590576171875,0.13057895004749298,128000,191.0,0.30799913571578846,0.13057895004749298,0.19209337399703846,0.06151442394954548,0.036637293681461236,0.014972111273591967,24.0,0,0,0.44423921169871444,0.32833344997996444,0.19775449993247146,0.30799913571578846,0.19209337399703846,0.06151442394954548,0.23431472530594444,0.11840896358719444,0.012169986460298543,0.15783603819505634,0.041930276476306344,0.08864867357118664,167.0,0.2713618420343272,a2a4,0.024877130268084247,178.0,0.2882592022313934,a2a4,0.041774490465150416,191.0,0.30799913571578846,a2a4,0.06151442394954548,0.48936170212765956,0.46808510638297873,0.40425531914893614,0.0,0.3404255319148936,middle,False,True,True
test,4,31407,2,"[0.200,0.500]",2,rnbqk2r/pppp1ppp/5n2/8/2B1P3/1QB5/P4PPP/R3K1NR b KQkq - 0 1,0.2867302894592285,-0.0166015625,0.3033318519592285,128000,175.0,0.2836680901774621,0.3033318519592285,0.3002696526774621,0.003062199281766431,0.027814329774334456,0.011717786137627207,18.0,0,0,0.41157005567402244,0.42817161817402244,0.12483976621479392,0.2836680901774621,0.3002696526774621,0.003062199281766431,0.21532633966578324,0.23192790216578324,0.07140394979344528,0.1448082229540427,0.1614097854540427,0.14192206650518582,157.0,0.25585376040312763,e8g8,0.030876529056100888,162.0,0.26362483547220333,e8g8,0.023105453987025182,175.0,0.2836680901774621,e8g8,0.003062199281766431,0.2978723404255319,0.2553191489361702,0.425531914893617,0.0,0.24468085106382975,stable,False,False,True
test,4,25541,2,"[0.200,0.500]",2,r2qkb1r/1p3ppp/4pn2/p2p2BB/P2P4/1Q6/1P3PPP/R3R1K1 b kq - 0 1,-0.45949164032936096,-0.01468658447265625,0.4448050558567047,128000,-213.0,-0.34080231961773716,0.4448050558567047,0.3261157351450809,0.1186893207116238,0.1370285602576241,0.06149672251206479,89.0,1,0,-0.48728978351252417,0.4726031990398679,0.027798143183163204,-0.34080231961773716,0.3261157351450809,0.1186893207116238,-0.26013201657003654,0.2454454320973803,0.19935962375932442,-0.17565907696502286,0.16097249249236661,0.2838325633643381,-124.0,-0.20377375936011305,f8e7,0.2557178809692479,-133.0,-0.2181060202015403,d8d7,0.24138562012782067,-213.0,-0.34080231961773716,d8d7,0.1186893207116238,0.9787234042553191,0.9787234042553191,0.8085106382978723,0.0,0.6914893617021276,unstable,False,True,True
test,4,35665,3,"[0.500,0.700]",1,rn2k2r/4p1b1/p1ppBnN1/8/Pp1q3p/5Q2/1PP3PP/R1B1K2R w KQkq - 0 1,0.5370495915412903,0.2384033203125,0.2986462712287903,128000,270.0,0.4218990052500079,0.2986462712287903,0.1834956849375079,0.11515058629128239,0.03170675125695083,0.013281685839623102,23.0,0,0,0.5882592563981054,0.3498559360856054,0.05120966485681511,0.4218990052500079,0.1834956849375079,0.11515058629128239,0.32524367434016505,0.08684035402766505,0.21180591720112524,0.22127846789844396,0.017124852414056035,0.3157711236428463,254.0,0.39973486517588985,g6h8,0.13731472636540043,277.0,0.4314416164328407,g6h8,0.1056079751084496,270.0,0.4218990052500079,g6h8,0.11515058629128239,0.2127659574468085,0.19148936170212766,0.19148936170212766,0.0,0.14893617021276595,stable,False,True,True
test,4,28840,3,"[0.500,0.700]",2,r2qkb1r/1p3ppp/p3p3/4n3/3B4/P1N5/1nQ1NPPP/R3K2R b KQkq - 0 1,0.5116778016090393,0.1849365234375,0.3267412781715393,128000,303.0,0.4660402984777151,0.3267412781715393,0.2811037750402151,0.0456375031313242,0.026495332062789534,0.010816776714597931,20.0,0,0,0.6396020496038975,0.45466552616639755,0.12792424799485824,0.4660402984777151,0.2811037750402151,0.0456375031313242,0.36162142163127725,0.17668489819377725,0.15005637997776206,0.24726725659645202,0.06233073315895202,0.2644105450125873,283.0,0.4395449664149256,b2d3,0.07213283519411373,293.0,0.4528926193579334,b2d3,0.058785182251105905,303.0,0.4660402984777151,b2d3,0.0456375031313242,0.1702127659574468,0.1276595744680851,0.2127659574468085,0.0,0.1276595744680851,stable,False,True,True
test,4,29477,3,"[0.500,0.700]",2,8/r5p1/P6p/3kp3/R7/5K1P/6P1/8 b - - 0 1,-0.6649674773216248,-0.33447265625,0.33049482107162476,128000,-388.0,-0.5694217120480265,0.33049482107162476,0.2349490557980265,0.09554576527359826,0.07140393170756076,0.031804294753204246,60.0,1,0,-0.7487042869693087,0.4142316307193087,0.08373680964768393,-0.5694217120480265,0.2349490557980265,0.09554576527359826,-0.45023899557964614,0.11576633932964614,0.21472848174197862,-0.31251782196482775,0.021954834285172253,0.352449655356797,-335.0,-0.50673978800496,h6h5,0.15822768931666475,-328.0,-0.49801778034046573,h6h5,0.16694969698115902,-388.0,-0.5694217120480265,g7g5,0.09554576527359826,0.6595744680851063,0.6808510638297872,0.6808510638297872,0.0,0.5053191489361702,unstable,False,True,True
test,4,3954,3,"[0.500,0.700]",2,1r3r1k/1PR3pp/5p2/4p3/8/R5P1/p4P1P/6K1 b - - 0 1,-0.6011844873428345,-0.226806640625,0.3743778467178345,128000,-290.0,-0.4489091908496043,0.3743778467178345,0.2221025502246043,0.15227529649323018,0.06611171748693961,0.029209446447743485,48.0,2,0,-0.619996867969374,0.39319022734437403,0.01881238062653956,-0.4489091908496043,0.2221025502246043,0.15227529649323018,-0.3474141989090428,0.12060755828404279,0.2537702884337917,-0.23706936670110546,0.010262726076105455,0.364115120641729,-242.0,-0.3827974733626647,h7h5,0.2183870139801698,-283.0,-0.4395449664149256,f8d8,0.1616395209279089,-290.0,-0.4489091908496043,h7h5,0.15227529649323018,0.574468085106383,0.6170212765957447,0.8723404255319149,0.0,0.5159574468085106,unstable,False,True,True
test,4,17106,4,"[0.700,1.000]",0,6k1/2p2p1p/6p1/2P5/7r/3N1P2/3K3P/8 w - - 0 1,-0.768505334854126,-0.86181640625,0.09331107139587402,128000,-534.0,-0.7113937318189626,0.09331107139587402,0.1504226744310374,0.05711160303516338,0.05383990625766,0.02234210802619275,64.0,2,0,-0.8704660627864289,0.008649656536428907,0.10196072793230293,-0.7113937318189626,0.1504226744310374,0.05711160303516338,-0.5833329814597088,0.2784834247902912,0.18517235339441718,-0.4177803451322398,0.4440360611177602,0.35072498972188615,-557.0,-0.7298158952135095,h2h3,0.03868943964061644,-493.0,-0.6759759889558495,d2c3,0.09252934589827644,-534.0,-0.7113937318189626,d2e3,0.05711160303516338,0.3829787234042553,0.3829787234042553,0.9361702127659575,0.0,0.425531914893617,middle,False,True,True
test,4,26452,4,"[0.700,1.000]",1,4r1r1/1bpk4/3n3p/1pp5/2P4P/2P1B3/P4PP1/3Q2K1 b - - 0 1,0.7047454714775085,0.46630859375,0.23843687772750854,128000,510.0,0.6910694698329306,0.23843687772750854,0.2247608760829306,0.01367600164457794,0.0559205174456433,0.023240397443946917,60.0,0,0,0.8551470292769645,0.3888384355269645,0.15040155779945596,0.6910694698329306,0.2247608760829306,0.01367600164457794,0.563194927804731,0.09688633405473102,0.14155054367277753,0.4011342849479459,0.0651743088020541,0.30361118652956265,450.0,0.6351489523872873,g8g2,0.06959651909022124,489.0,0.6723392775532822,g8g2,0.03240619392422639,510.0,0.6910694698329306,g8g2,0.01367600164457794,0.48936170212765956,0.425531914893617,0.2127659574468085,0.0,0.28191489361702127,stable,False,True,True
test,4,7203,4,"[0.700,1.000]",1,2kr3r/Bp5p/2bp4/5p2/1Q2P1nR/2NB2P1/PP1q1P2/R4K2 w - - 0 1,0.8794496655464172,0.60546875,0.27398091554641724,128000,557.0,0.7298158952135095,0.27398091554641724,0.12434714521350954,0.1496337703329077,0.06671191503972229,0.027572518443159652,78.0,0,0,0.883719698991578,0.278250948991578,0.004270033445160748,0.7298158952135095,0.12434714521350954,0.1496337703329077,0.6019821080067783,0.003486641993221684,0.2774675575396389,0.4334740653200155,0.17199468467998452,0.44597560022640176,479.0,0.6631039801737872,a1d1,0.21634568537263,527.0,0.7055833840623383,a1d1,0.1738662814840789,557.0,0.7298158952135095,a1d1,0.1496337703329077,0.574468085106383,0.574468085106383,0.23404255319148937,0.0,0.34574468085106386,middle,True,True,True
test,4,16991,4,"[0.700,1.000]",2,2qr1k2/1p3p1p/p5p1/2PN2Q1/1Pnp2P1/P2R1P2/7P/6K1 w - - 0 1,0.8528916239738464,0.515625,0.33726662397384644,128000,615.0,0.7718952374404182,0.33726662397384644,0.2562702374404182,0.08099638653342822,0.1032254189738101,0.04562291488725945,130.0,1,0,0.9116993188832708,0.3960743188832708,0.05880769490942439,0.7718952374404182,0.2562702374404182,0.08099638653342822,0.6462020097094116,0.13057700970941155,0.20668961426443488,0.47189078785429683,0.043734212145703166,0.3810008361195496,485.0,0.6686698184666081,g5e7,0.18422180550723832,594.0,0.7573623242165263,g5f6,0.09552929975732016,615.0,0.7718952374404182,g5f6,0.08099638653342822,0.8085106382978723,0.851063829787234,0.7446808510638298,0.0,0.601063829787234,unstable,False,True,True
test,4,1543,4,"[0.700,1.000]",2,1r4k1/p7/3p2pp/P2P4/1P4Q1/7P/2q3P1/5RK1 b - - 0 1,-0.741288423538208,-0.35986328125,0.381425142288208,128000,-446.0,-0.6311548605486537,0.381425142288208,0.27129157929865366,0.11013356298955435,0.10848943086283291,0.04517395750234356,98.0,1,0,-0.8058227180270021,0.4459594367770021,0.06453429448879411,-0.6311548605486537,0.27129157929865366,0.11013356298955435,-0.5061201808426753,0.1462568995926753,0.23516824269553271,-0.35544866799021413,0.004414613259785871,0.3858397555479939,-348.0,-0.5226654296858207,b8e8,0.21862299385238726,-378.0,-0.5580522155596244,b8e8,0.18323620797858364,-446.0,-0.6311548605486537,b8b7,0.11013356298955435,0.851063829787234,0.8297872340425532,0.7659574468085106,0.0,0.6117021276595744,unstable,False,True,True
test,4,48113,4,"[0.700,1.000]",2,2r3k1/1br1bppp/p2p1n2/qp1Pp3/4P3/PNN1B2P/1PR1QPP1/2R3K1 b - - 0 1,-0.7154853940010071,-0.152099609375,0.5633857846260071,128000,-464.0,-0.6488635468192671,0.5633857846260071,0.49676393744426706,0.06662184718174002,0.05504205711735399,0.02357878204633758,61.0,0,0,-0.8210398813328771,0.6689402719578771,0.10555448733187,-0.6488635468192671,0.49676393744426706,0.06662184718174002,-0.5226654296858207,0.37056582031082075,0.19281996431518633,-0.36848303834972457,0.21638342897472457,0.3470023556512825,-525.0,-0.703905603936621,a5c3,0.01157979006438603,-477.0,-0.6612322061319625,a5c3,0.05425318786904454,-464.0,-0.6488635468192671,a5c3,0.06662184718174002,0.46808510638297873,0.46808510638297873,0.2553191489361702,0.0,0.2978723404255319,middle,False,True,True
test,4,30729,4,"[0.700,1.000]",2,1r4k1/7p/3p4/2pPp1P1/prN1Pn2/5P2/PPRKp3/7R b - - 0 1,0.7622932195663452,0.162109375,0.6001838445663452,128000,369.0,0.5476371485389075,0.6001838445663452,0.38552777353890755,0.21465607102743767,0.32953112833736725,0.13728239594480396,236.0,1,0,0.7270779523745723,0.5649685773745723,0.035215267191772925,0.5476371485389075,0.38552777353890755,0.21465607102743767,0.4311024479262107,0.2689930729262107,0.3311907716401345,0.29816104848914665,0.13605167348914665,0.46413217107719856,133.0,0.2181060202015403,g8g7,0.5441871993648049,284.0,0.4408886478609151,b4c4,0.32140457170543013,369.0,0.5476371485389075,b4c4,0.21465607102743767,1.0,1.0,0.7872340425531915,0.0,0.6968085106382979,unstable,False,True,True
test,4,2365,4,"[0.700,1.000]",2,2nr2k1/4q1pp/bp6/3Ppp2/1p2N3/1Q2P1P1/1P1R1PBP/6K1 w - - 0 1,0.8767790794372559,0.1947021484375,0.6820769309997559,128000,519.0,0.6988248405083121,0.6820769309997559,0.5041226920708121,0.1779542389289438,0.07169782519541312,0.030017005933234208,77.0,0,0,0.8610781881988719,0.6663760397613719,0.01570089123838392,0.6988248405083121,0.5041226920708121,0.1779542389289438,0.5708278729621783,0.3761257245246783,0.30595120647507756,0.4074084759995413,0.21270632756204128,0.4693706034377146,442.0,0.6271270153128989,d5d6,0.24965206412435692,464.0,0.6488635468192671,d5d6,0.2279155326179888,519.0,0.6988248405083121,d5d6,0.1779542389289438,0.6382978723404256,0.6595744680851063,0.2765957446808511,0.0,0.39361702127659576,middle,False,True,True
test,5,47522,0,"[0.000,0.050]",0,4b1k1/ppr4p/4Rnp1/1P1p1p2/5N2/5PP1/P6P/5BK1 b - - 0 1,-0.016665123403072357,-0.048797607421875,0.03213248401880264,128000,-16.0,-0.026660347476464806,0.03213248401880264,0.022137259945410194,0.009995224073392449,0.008329067879364167,0.003598531490595367,5.0,0,0,-0.03997868031116357,0.00881892711071143,0.023313556908091213,-0.026660347476464806,0.022137259945410194,0.009995224073392449,-0.01999733375993093,0.02880027366194407,0.0033322103568585726,-0.013332543266059059,0.03546506415581594,0.003332580137013298,-11.0,-0.01833127959710064,g6g5,0.0016661561940282815,-12.0,-0.01999733375993093,g6g5,0.0033322103568585726,-16.0,-0.026660347476464806,g6g5,0.009995224073392449,0.19148936170212766,0.19148936170212766,0.3829787234042553,0.44680851063829785,0.30319148936170215,stable,False,True,True
test,5,10308,0,"[0.000,0.050]",1,rnbqk1nr/pp1p1ppp/4p3/8/2PQ4/P7/1P2PPPP/R1B1KBNR b KQkq - 0 1,-0.036650244146585464,-0.1044921875,0.06784194335341454,128000,-18.0,-0.029991003238820143,0.06784194335341454,0.07450118426117985,0.0066592409077653215,0.02495360545036728,0.011063333390316527,15.0,0,0,-0.044969649583600245,0.059522537916399755,0.00831940543701478,-0.029991003238820143,0.07450118426117985,0.0066592409077653215,-0.022496203893709668,0.08199598360629033,0.014154040252875796,-0.01499887510124078,0.08949331239875923,0.021651369045344683,-33.0,-0.05494460868918742,g8f6,0.018294364542601957,-31.0,-0.051620741938015996,g8f6,0.014970497791430531,-18.0,-0.029991003238820143,g8f6,0.0066592409077653215,0.3617021276595745,0.3617021276595745,0.40425531914893614,0.46808510638297873,0.39893617021276595,middle,False,True,True
test,5,133,0,"[0.000,0.050]",1,r2q1rk1/1pp2pbp/p2p2p1/3P4/4PQ2/5PNP/PPP2P2/2KR3R b - - 0 1,0.011666137725114822,0.12841796875,0.11675183102488518,128000,-26.0,-0.0433062302338004,0.11675183102488518,0.1717241989838004,0.05497236795891522,0.0865884510056083,0.03751913366075686,52.0,2,1,-0.0649086127746375,0.1933265815246375,0.07657475049975232,-0.0433062302338004,0.1717241989838004,0.05497236795891522,-0.032488562124144915,0.16090653087414492,0.04415469984925974,-0.02166327687109476,0.15008124562109476,0.03332941459620958,16.0,0.026660347476464806,c7c6,0.014994209751349984,-36.0,-0.059928103529143496,c7c5,0.07159424125425831,-26.0,-0.0433062302338004,g7e5,0.05497236795891522,0.9148936170212766,0.9148936170212766,0.9361702127659575,0.8297872340425532,0.8989361702127658,unstable,False,False,False
test,5,14320,0,"[0.000,0.050]",2,7Q/8/8/1q6/4K3/8/8/4k3 b - - 0 1,-0.0,0.172119140625,0.172119140625,128000,0.0,0.0,0.172119140625,0.172119140625,0.0,0.0,0.0,0.0,0,0,0.0,0.172119140625,0.0,0.0,0.172119140625,0.0,0.0,0.172119140625,0.0,0.0,0.172119140625,0.0,0.0,0.0,b5c4,0.0,0.0,0.0,b5c4,0.0,0.0,0.0,b5c4,0.0,0.02127659574468085,0.02127659574468085,0.425531914893617,0.48936170212765956,0.23936170212765956,stable,False,False,True
test,5,40153,1,"[0.050,0.200]",0,rnb1kbnr/pp2pppp/2p5/8/8/5N2/PPPP1PPP/RNB1KB1R w KQkq - 0 1,0.054944608360528946,0.07452392578125,0.019579317420721054,128000,37.0,0.061588617176587195,0.019579317420721054,0.012935308604662805,0.006644008816058249,0.013292886052148511,0.005913522527770894,8.0,2,0,0.09223708209155926,0.017713156310309258,0.03729247373103031,0.061588617176587195,0.012935308604662805,0.006644008816058249,0.04621705097817799,0.028306874803072007,0.008727557382350953,0.03082356602137364,0.043700359759876364,0.024121042339155307,29.0,0.04829573112443868,f1d3,0.006648877236090263,30.0,0.04995837495787997,b1a3,0.004986233402648976,37.0,0.061588617176587195,a2a4,0.006644008816058249,0.14893617021276595,0.14893617021276595,0.9787234042553191,0.6808510638297872,0.4893617021276596,middle,False,True,True
test,5,17428,1,"[0.050,0.200]",1,r4rk1/p4p1p/1q2p2p/2ppPb2/8/1P5P/P1PN1PP1/R2Q1RK1 b - - 0 1,-0.06324879080057144,0.01324462890625,0.07649341970682144,128000,-24.0,-0.03997868031116357,0.07649341970682144,0.05322330921741357,0.023270110489407872,0.029973686967741338,0.013414383318555574,18.0,2,0,-0.059928103529143496,0.07317273243539349,0.0033206872714279453,-0.03997868031116357,0.05322330921741357,0.023270110489407872,-0.029991003238820143,0.043235632145070146,0.033257787561751295,-0.01999733375993093,0.03324196266618093,0.04325145704064051,-8.0,-0.013332543266059059,b6b4,0.04991624753451238,-26.0,-0.0433062302338004,g8h8,0.019942560566771045,-24.0,-0.03997868031116357,b6c7,0.023270110489407872,0.44680851063829785,0.46808510638297873,1.0,0.7021276595744681,0.6542553191489362,unstable,False,False,True
test,5,24665,1,"[0.050,0.200]",1,r1bq1rk1/ppp2pp1/2nb1n1p/8/2BP4/2N2N1P/PP3PP1/R1BQR1K1 w - - 0 1,0.07817350327968597,0.15673828125,0.07856477797031403,128000,57.0,0.09471523628617855,0.07856477797031403,0.06202304496382145,0.016541733006492573,0.03968433739249802,0.016501197958414465,24.0,1,0,0.14154322378898346,0.015195057461016542,0.06336972050929748,0.09471523628617855,0.06202304496382145,0.016541733006492573,0.07112967596770786,0.08560860528229214,0.0070438273119781125,0.04746430825312217,0.10927397299687783,0.0307091950265638,65.0,0.10791150943921407,c4b3,0.029738006159528096,41.0,0.06822717204671605,d1c2,0.009946331232969924,57.0,0.09471523628617855,d1c2,0.016541733006492573,0.6170212765957447,0.5957446808510638,0.8085106382978723,0.723404255319149,0.6861702127659575,unstable,False,True,True
test,5,33284,1,"[0.050,0.200]",1,1r1nr1k1/1pR2ppp/pN3n2/8/4P3/5P2/PP2B2P/3R2K1 w - - 0 1,0.10626395791769028,0.18994140625,0.08367744833230972,128000,63.0,0.10461581914865054,0.08367744833230972,0.08532558710134946,0.001648138769039742,0.05078154238670682,0.020902083091846883,31.0,0,0,0.15621046576861825,0.033730940481381755,0.04994650785092797,0.10461581914865054,0.08532558710134946,0.001648138769039742,0.07858761179671914,0.11135379445328086,0.02767634612097114,0.05245181874413747,0.13748958750586254,0.053812139173552806,94.0,0.15539736153535735,e2c4,0.049133403617667076,75.0,0.12435300177159621,e2c4,0.01808904385390593,63.0,0.10461581914865054,e2c4,0.001648138769039742,0.7659574468085106,0.7659574468085106,0.40425531914893614,0.7446808510638298,0.6702127659574468,unstable,False,True,True
test,5,44634,2,"[0.200,0.500]",0,r1b2k1r/p2nqpp1/p2Np2p/2ppP3/3P1PP1/5N2/PPP4P/R2QK2R b KQ - 0 1,-0.36559876799583435,-0.4013671875,0.03576841950416565,128000,-274.0,-0.42736356254771685,0.03576841950416565,0.025996375047716846,0.061764794551882496,0.027282973144009515,0.011159473396450636,20.0,1,0,-0.5947603071377391,0.19339311963773909,0.22916153914190474,-0.42736356254771685,0.025996375047716846,0.061764794551882496,-0.32970746081194724,0.07165972668805276,0.03589130718388711,-0.2244462390995883,0.1769209484004117,0.14115252889624605,-283.0,-0.4395449664149256,e7d8,0.07394619841909122,-263.0,-0.41226199327091606,e7d8,0.04666322527508171,-274.0,-0.42736356254771685,a8b8,0.061764794551882496,0.2765957446808511,0.2127659574468085,0.8297872340425532,0.0,0.32978723404255317,middle,True,True,True
test,5,31322,2,"[0.200,0.500]",0,6k1/2p2ppp/p7/1pp5/4P3/1P6/P1P2PPP/6K1 w - - 0 1,0.25273597240448,0.1739501953125,0.07878577709197998,128000,161.0,0.2620733186346372,0.07878577709197998,0.08812312332213718,0.009337346230157195,0.11318828501131922,0.0506764920300229,71.0,1,0,0.3820860248314457,0.20813582951894571,0.12935005242696573,0.2620733186346372,0.08812312332213718,0.009337346230157195,0.19857632701671218,0.024626131704212184,0.054159645387767796,0.13336739012974347,0.04058280518275653,0.11936858227473651,90.0,0.14888503362331795,g1f1,0.10385093878116203,153.0,0.2496129489368586,g1f1,0.0031230234676213886,161.0,0.2620733186346372,f2f4,0.009337346230157195,0.8936170212765957,0.8936170212765957,0.851063829787234,0.0,0.6595744680851063,unstable,False,True,True
test,5,29604,2,"[0.200,0.500]",0,1rbq1r2/6k1/2pp1ppp/p3b3/N3P3/1B2PR1P/1PPQ2P1/2K2R2 w - - 0 1,-0.2790639400482178,-0.1983642578125,0.08069968223571777,128000,-194.0,-0.31251782196482775,0.08069968223571777,0.11415356415232775,0.03345388191660997,0.02681057219072225,0.01263862493570078,18.0,0,0,-0.45023899557964614,0.25187473776714614,0.17117505553142837,-0.31251782196482775,0.11415356415232775,0.03345388191660997,-0.23785570960038063,0.03949145178788063,0.04120823044783714,-0.1602727910625605,0.03809146674993949,0.11879114898565726,-212.0,-0.33932839415555,b3c4,0.06026445410733222,-194.0,-0.31251782196482775,b3c4,0.03345388191660997,-194.0,-0.31251782196482775,b3c4,0.03345388191660997,0.2553191489361702,0.3617021276595745,0.44680851063829785,0.0,0.26595744680851063,stable,False,True,True
test,5,12677,2,"[0.200,0.500]",0,8/4q1k1/3p2p1/1ppQn1b1/4P3/1NPP3P/1P6/2B3K1 w - - 0 1,-0.21810601651668549,-0.29931640625,0.08121038973331451,128000,-87.0,-0.14399226586303726,0.08121038973331451,0.15532414038696274,0.07411375065364822,0.06250667324514982,0.025947685351882722,38.0,1,0,-0.21413397614340715,0.08518243010659285,0.003972040373278335,-0.14399226586303726,0.15532414038696274,0.07411375065364822,-0.10832330552729708,0.19099310072270292,0.10978271098938841,-0.07237324046358946,0.22694316578641055,0.14573277605309604,-74.0,-0.1227117692526878,g1f1,0.09539424726399769,-49.0,-0.08148559261788745,g1f1,0.13662042389879803,-87.0,-0.14399226586303726,d3d4,0.07411375065364822,0.723404255319149,0.7021276595744681,0.8723404255319149,0.0,0.574468085106383,unstable,False,True,True
test,5,3801,2,"[0.200,0.500]",2,2r2rk1/pp2qp1p/6p1/3pP3/2pP4/4B2P/P1B2P2/Q4KR1 b - - 0 1,-0.28060010075569153,-0.033355712890625,0.24724438786506653,128000,-174.0,-0.28213481266963414,0.24724438786506653,0.24877909977900914,0.0015347119139426102,0.05128125266261202,0.02316713857553702,34.0,1,0,-0.40949139599618206,0.37613568310555706,0.12889129524049053,-0.28213481266963414,0.24877909977900914,0.0015347119139426102,-0.21413397614340715,0.18077826325278215,0.06646612461228438,-0.14399226586303726,0.11063655297241226,0.13660783489265427,-177.0,-0.2867302913888035,b7b5,0.006130190633111987,-208.0,-0.33341606533224616,f7f6,0.05281596457655463,-174.0,-0.28213481266963414,f7f6,0.0015347119139426102,0.6170212765957447,0.6170212765957447,0.8936170212765957,0.0,0.5319148936170213,unstable,False,True,True
test,5,12808,2,"[0.200,0.500]",2,r3r2k/pp2q1pp/2p1nb2/2Pp4/1P1Pp1b1/1Q4P1/PB1N1PBP/2R1R1K1 w - - 0 1,-0.38847267627716064,-0.051025390625,0.33744728565216064,128000,-246.0,-0.38847268021606096,0.33744728565216064,0.33744728959106096,3.938900317024263e-09,0.029307664916178866,0.012316166726767658,21.0,2,0,-0.5476371485389075,0.49661175791390755,0.1591644722617469,-0.38847268021606096,0.33744728959106096,3.938900317024263e-09,-0.29816104848914665,0.24713565786414665,0.09031162778801399,-0.2021757576967395,0.1511503670717395,0.18629691858042113,-252.0,-0.39693043200507755,f2f3,0.008457755727916905,-267.0,-0.4177803451322398,d2e4,0.029307668855079183,-246.0,-0.38847268021606096,f2f3,3.938900317024263e-09,0.3404255319148936,0.2978723404255319,0.9574468085106383,0.0,0.39893617021276595,middle,False,True,True
test,5,18438,2,"[0.200,0.500]",2,r4rk1/1pp1bpp1/p1n1qnp1/8/3P2P1/2N1B2P/PP2BP2/R2Q1RK1 w - - 0 1,0.38847267627716064,-0.01122283935546875,0.3996955156326294,128000,63.0,0.10461581914865054,0.3996955156326294,0.11583865850411929,0.2838568571285101,0.006598207630932662,0.00311042490633954,4.0,0,0,0.15621046576861825,0.167433305124087,0.2322622105085424,0.10461581914865054,0.11583865850411929,0.2838568571285101,0.07858761179671914,0.08981045115218789,0.3098850644804415,0.05245181874413747,0.06367465809960622,0.3360208575330232,59.0,0.09801761151771787,e2f3,0.29045506475944277,59.0,0.09801761151771787,e2f3,0.29045506475944277,63.0,0.10461581914865054,e2f3,0.2838568571285101,0.0,0.0,0.46808510638297873,0.0,0.11702127659574468,stable,True,False,True
test,5,10764,3,"[0.500,0.700]",1,r2qr1k1/1b1n2bp/1p1pNnp1/8/pPP5/P7/1B1N1PPP/R2QRBK1 b - - 0 1,-0.5190218091011047,-0.326171875,0.19284993410110474,128000,-372.0,-0.5511280285381469,0.19284993410110474,0.2249561535381469,0.03210621943704217,0.04645707918048514,0.020673676709207178,39.0,0,0,-0.7305938960959438,0.40442202109594383,0.2115720869948391,-0.5511280285381469,0.2249561535381469,0.03210621943704217,-0.43415057098594506,0.10797869598594506,0.08487123811515968,-0.30043709714765415,0.025734777852345847,0.21858471195345058,-377.0,-0.5569035186939992,e8e6,0.0378817095928945,-338.0,-0.5104464395135141,e8e6,0.008575369587590642,-372.0,-0.5511280285381469,e8e6,0.03210621943704217,0.3404255319148936,0.3829787234042553,0.23404255319148937,0.0,0.23936170212765956,stable,False,True,True
test,5,49492,3,"[0.500,0.700]",2,r3k2r/pR3ppp/2n5/4p3/4B3/2P5/b1P2PPP/2BK3R b kq - 0 1,0.6945362687110901,-0.25830078125,0.9528370499610901,128000,500.0,0.6822617902381697,0.9528370499610901,0.9405625714881697,0.012274478472920403,0.06742147733547277,0.028713506932549527,70.0,0,0,0.8482836399575129,1.1065844212075129,0.1537473712464228,0.6822617902381697,0.9405625714881697,0.012274478472920403,0.5545997223493823,0.8129005035993823,0.13993654636170783,0.39411856793081457,0.6524193491808146,0.3004177007802755,430.0,0.6148403129026969,e8c8,0.07969595580839317,482.0,0.6658961649189189,e8c8,0.02864010379217119,500.0,0.6822617902381697,e8c8,0.012274478472920403,0.6170212765957447,0.574468085106383,0.2553191489361702,0.0,0.36170212765957444,middle,False,False,True
test,6,40908,0,"[0.000,0.050]",0,r3k2r/2p1bppp/2n1p1b1/pq1pP3/3P1P2/1PP1B2P/3N1KP1/R2QNR2 w kq - 0 1,-0.049958374351263046,-0.061431884765625,0.011473510414361954,128000,-24.0,-0.03997868031116357,0.011473510414361954,0.02145320445446143,0.009979694040099477,0.029976433370989937,0.013755625825108279,18.0,0,0,-0.059928103529143496,0.0015037812364815037,0.00996972917788045,-0.03997868031116357,0.02145320445446143,0.009979694040099477,-0.029991003238820143,0.031440881526804854,0.019967371112442903,-0.01999733375993093,0.04143455100569407,0.029961040591332117,-25.0,-0.04164257074548595,f2g1,0.008315803605777099,-7.0,-0.011666137374496012,f2g1,0.038292236976767036,-24.0,-0.03997868031116357,f2g1,0.009979694040099477,0.40425531914893614,0.40425531914893614,0.44680851063829785,0.5106382978723404,0.4414893617021276,middle,False,True,True
test,6,15619,0,"[0.000,0.050]",1,8/8/8/1b6/5p2/5Bk1/8/7K w - - 0 1,-0.014998875558376312,-0.10723876953125,0.09223989397287369,128000,-28.0,-0.0466328196077002,0.09223989397287369,0.0606059499235498,0.03163394404932389,0.04477795556111154,0.01897724503443903,27.0,2,0,-0.069885890316429,0.037352879214821,0.05488701475805269,-0.0466328196077002,0.0606059499235498,0.03163394404932389,-0.03498571533277944,0.07225305419847056,0.01998683977440313,-0.023329099687423707,0.08390966984382629,0.008330224129047395,-55.0,-0.09141077516881174,f3g2,0.07641189961043543,-48.0,-0.07982976911113136,f3b7,0.06483089355275505,-28.0,-0.0466328196077002,f3g2,0.03163394404932389,0.5957446808510638,0.5957446808510638,0.9574468085106383,0.5319148936170213,0.6702127659574468,unstable,False,True,True
test,6,9699,0,"[0.000,0.050]",2,2Q3k1/pp2rq2/5p1p/3p4/5P2/6PP/PP6/3R2K1 b - - 0 1,-0.04663281887769699,-0.23046875,0.183835931122303,128000,-33.0,-0.05494460868918742,0.183835931122303,0.17552414131081256,0.00831178981149043,0.004986233731307452,0.00207294961560193,3.0,0,0,-0.08231333630045613,0.14815541369954388,0.03568051742275914,-0.05494460868918742,0.17552414131081256,0.00831178981149043,-0.04122661942889728,0.18924213057110273,0.005406199448799713,-0.02749306980470986,0.20297568019529014,0.01913974907298713,-30.0,-0.04995837495787997,e7e8,0.0033255560801829787,-31.0,-0.051620741938015996,e7e8,0.004987923060319005,-33.0,-0.05494460868918742,e7e8,0.00831178981149043,0.0851063829787234,0.06382978723404255,0.46808510638297873,0.5531914893617021,0.2925531914893617,stable,False,True,True
test,6,33062,1,"[0.050,0.200]",0,r4rk1/pp3ppp/1q6/2ppP3/P2Pn1b1/1P2PN2/2Q1B1PP/2R2R1K w - - 0 1,0.08975778520107269,0.04840087890625,0.04135690629482269,128000,58.0,0.096366689100842,0.04135690629482269,0.04796581019459201,0.006608903899769314,0.0622818151966569,0.026348504275249037,38.0,0,0,0.14399226586303726,0.09559138695678726,0.05423448066196457,0.096366689100842,0.04796581019459201,0.006608903899769314,0.07237324046358946,0.023972361557339464,0.01738454473748323,0.04829573112443868,0.00010514778181131695,0.04146205407663401,96.0,0.1586485042974989,e2d3,0.06889071909642622,68.0,0.1128505788988202,e2d3,0.023092793697747513,58.0,0.096366689100842,e2d3,0.006608903899769314,0.851063829787234,0.8297872340425532,0.425531914893617,0.7659574468085106,0.7180851063829787,unstable,False,True,True
test,6,12109,1,"[0.050,0.200]",1,8/p1rk2pp/2p2p2/1r2P3/2RP2P1/3K4/5P1P/2R5 w - - 0 1,0.125993549823761,0.2110595703125,0.08506602048873901,128000,84.0,0.13909244787845804,0.08506602048873901,0.07196712243404196,0.01309889805469705,0.10269028315005588,0.04426909067671425,64.0,0,0,0.20696649972945258,0.00409307058304742,0.0809729499056916,0.13909244787845804,0.07196712243404196,0.01309889805469705,0.10461581914865054,0.10644375116384946,0.02137773067511045,0.069885890316429,0.141173679996071,0.056107659507331986,148.0,0.24178273102851391,f2f4,0.11578918120475293,97.0,0.1602727910625605,f2f4,0.034279241238799524,84.0,0.13909244787845804,f2f4,0.01309889805469705,0.9574468085106383,0.9574468085106383,0.44680851063829785,0.7872340425531915,0.7872340425531915,unstable,False,True,True
test,6,46204,2,"[0.200,0.500]",1,r1b2rk1/pp2qpp1/2pp3p/2bBp3/Q3P3/2PP1N2/PP3PPP/R3K2R w KQ - 0 1,-0.285199910402298,-0.1793212890625,0.10587862133979797,128000,-225.0,-0.35835739835078595,0.10587862133979797,0.17903610928828595,0.07315748794848798,0.02016459695788486,0.008476443809773703,14.0,0,0,-0.5098299737352565,0.3305086846727565,0.22463006333295854,-0.35835739835078595,0.17903610928828595,0.07315748794848798,-0.2740615889607664,0.09474029989826638,0.011138321441531596,-0.1853331999081395,0.006011910845639512,0.09986671049415846,-239.0,-0.3785219953086708,b2b4,0.09332208490637284,-229.0,-0.36415399728173453,b2b4,0.07895408687943656,-225.0,-0.35835739835078595,b2b4,0.07315748794848798,0.1702127659574468,0.1702127659574468,0.48936170212765956,0.0,0.2074468085106383,stable,False,True,True
test,6,34961,2,"[0.200,0.500]",1,r2q1rk1/ppp3pp/2n2p2/1B1pPQn1/3P3P/2P1BP2/P4P2/R4RK1 b - - 0 1,-0.24648471176624298,-0.12408447265625,0.12240023910999298,128000,-119.0,-0.19577305632462053,0.12240023910999298,0.07168858366837053,0.050711655441622455,0.07040214294116129,0.028775103994661287,44.0,0,0,-0.2890231074125892,0.1649386347563392,0.042538395646346205,-0.19577305632462053,0.07168858366837053,0.050711655441622455,-0.1476625151832187,0.023578042526968712,0.09882219658302427,-0.09884287104157305,0.02524160161467695,0.14764184072466993,-99.0,-0.1635187536836725,g5f7,0.08296595808257048,-143.0,-0.23392089662483379,g5f7,0.012563815141409196,-119.0,-0.19577305632462053,g5f7,0.050711655441622455,0.7872340425531915,0.7659574468085106,0.5106382978723404,0.0,0.5159574468085106,unstable,False,True,True
test,6,15297,2,"[0.200,0.500]",1,r4r1k/2qbbp2/p3p1p1/2p3Pn/1p1NP1Q1/1B4B1/PPP4P/2KRR3 b - - 0 1,0.28825920820236206,0.146484375,0.14177483320236206,128000,174.0,0.28213481266963414,0.14177483320236206,0.13565043766963414,0.006124395532727922,0.0340247986789588,0.015368020101371073,22.0,0,0,0.40949139599618206,0.26300702099618206,0.12123218779382,0.28213481266963414,0.13565043766963414,0.006124395532727922,0.21413397614340715,0.06764960114340715,0.07412523205895491,0.14399226586303726,0.002492109136962739,0.1442669423393248,154.0,0.25117511988644686,h5g3,0.0370840883159152,176.0,0.28519991856540566,h5g3,0.003059289636956397,174.0,0.28213481266963414,h5g3,0.006124395532727922,0.46808510638297873,0.48936170212765956,0.5319148936170213,0.0,0.3723404255319149,middle,False,True,True
test,6,45276,2,"[0.200,0.500]",1,7r/2q1bk2/4b1p1/1p1pPp1p/p1pB1P2/P1P1Q3/1P2K1PP/6RR b - - 0 1,-0.285199910402298,-0.12371826171875,0.16148164868354797,128000,-228.0,-0.3627074675780511,0.16148164868354797,0.2389892058593011,0.07750755717575314,0.06378735787571582,0.026172731335397402,43.0,2,0,-0.5153592780074097,0.39164101628865966,0.2301593676051117,-0.3627074675780511,0.2389892058593011,0.07750755717575314,-0.2775263502976838,0.1538080885789338,0.007673560104614174,-0.1877462058682854,0.06402794414953539,0.09745370453401259,-185.0,-0.2989201097023353,c7b7,0.013720199300037317,-210.0,-0.3363755443363322,f7g7,0.05117563393403424,-228.0,-0.3627074675780511,c7c6,0.07750755717575314,0.7446808510638298,0.723404255319149,0.9787234042553191,0.0,0.6117021276595744,unstable,False,True,True
test,6,11774,2,"[0.200,0.500]",1,8/8/1k1r1n2/5K1p/8/8/8/2R5 w - - 0 1,-0.26981720328330994,-0.08355712890625,0.18626007437705994,128000,-141.0,-0.23076751278236432,0.18626007437705994,0.14721038387611432,0.039049690500945616,0.06562709985773499,0.030202077175318212,41.0,0,0,-0.33859080555489207,0.25503367664864207,0.06877360227158213,-0.23076751278236432,0.14721038387611432,0.039049690500945616,-0.1744473816786699,0.09089025277241991,0.09536982160464003,-0.11696222487632274,0.03340509597007274,0.1528549784069872,-100.0,-0.16514041292462933,f5g5,0.1046767903586806,-102.0,-0.1683810458708147,f5g5,0.10143615741249523,-141.0,-0.23076751278236432,f5g5,0.039049690500945616,0.7659574468085106,0.8085106382978723,0.5531914893617021,0.0,0.5319148936170213,unstable,False,True,True
test,6,3148,2,"[0.200,0.500]",2,r1b1kb1r/pp3ppp/1qn1p3/3pP3/3P4/2PB4/PP4PP/R1BQK1NR w KQkq - 0 1,0.3554486632347107,0.10430908203125,0.2511395812034607,128000,199.0,0.3200175551164017,0.2511395812034607,0.21570847308515168,0.03543110811830902,0.0074997331515739285,0.0032397682652658046,5.0,0,0,0.4601487679622376,0.3558396859309876,0.10470010472752689,0.3200175551164017,0.21570847308515168,0.03543110811830902,0.2437432846149322,0.1394342025836822,0.1117053786197785,0.16432969434027828,0.060020612309028276,0.19111896889443242,195.0,0.3140209253469976,d1e2,0.04142773788771309,194.0,0.31251782196482775,d1e2,0.04293084126988295,199.0,0.3200175551164017,d1e2,0.03543110811830902,0.02127659574468085,0.02127659574468085,0.574468085106383,0.0,0.15425531914893617,stable,False,True,True
test,6,30909,2,"[0.200,0.500]",2,br4k1/2n3r1/4p3/1Pp3p1/2P2pP1/3B3N/7P/1R3RK1 w - - 0 1,0.3983335793018341,0.081787109375,0.3165464699268341,128000,216.0,0.3452140341355209,0.3165464699268341,0.2634269247605209,0.05311954516631323,0.10343130310700696,0.04223822238966141,68.0,1,0,0.49298796667532435,0.41120085730032435,0.09465438737349025,0.3452140341355209,0.2634269247605209,0.05311954516631323,0.26362483547220333,0.18183772609720333,0.13470874382963077,0.17808086811733018,0.09629375874233018,0.22025271118450393,148.0,0.24178273102851391,h3f2,0.1565508482733202,180.0,0.2913126124515909,b1e1,0.1070209668502432,216.0,0.3452140341355209,b1e1,0.05311954516631323,0.851063829787234,0.851063829787234,0.9148936170212766,0.0,0.6542553191489362,unstable,False,True,True
test,6,11338,3,"[0.500,0.700]",0,8/p1r1k1pp/8/R7/P5PP/4PK2/8/8 w - - 0 1,0.5827829241752625,0.487060546875,0.09572237730026245,128000,346.0,0.5202384742267742,0.09572237730026245,0.03317792735177416,0.06254444994848829,0.04253846205827616,0.018189536680836622,34.0,0,0,0.6988248405083121,0.21176429363331206,0.11604191633304961,0.5202384742267742,0.03317792735177416,0.06254444994848829,0.4074084759995413,0.07965207087545872,0.17537444817572118,0.280600092514899,0.20646045436010102,0.30218283166036347,312.0,0.477700012168498,a5a6,0.10508291200676445,338.0,0.5104464395135141,a5a6,0.07233648466174836,346.0,0.5202384742267742,a5a6,0.06254444994848829,0.2978723404255319,0.2765957446808511,0.2765957446808511,0.0,0.21276595744680854,stable,True,True,True
test,6,36102,3,"[0.500,0.700]",0,r3k2r/ppp2pb1/5ppp/4P3/2b5/2Pn2N1/PP4PP/R1B2R1K w - - 0 1,-0.664036750793457,-0.5439453125,0.12009143829345703,128000,-489.0,-0.6723392775532822,0.12009143829345703,0.12839396505328216,0.008302526759825124,0.01873019227964845,0.008448201356275713,21.0,0,0,-0.8403900815184251,0.2964447690184251,0.17635333072496806,-0.6723392775532822,0.12839396505328216,0.008302526759825124,-0.5450064074514153,0.0010610949514152646,0.11903034334204177,-0.3863478986519003,0.15759741384809972,0.27768885214155675,-510.0,-0.6910694698329306,e5f6,0.027032719039473574,-508.0,-0.6893240456400049,e5f6,0.025287294846547903,-489.0,-0.6723392775532822,e5f6,0.008302526759825124,0.0851063829787234,0.0851063829787234,0.2978723404255319,0.0,0.11702127659574468,stable,False,True,True
test,6,16095,3,"[0.500,0.700]",1,8/p4pk1/1pQ1B1p1/1P2P2p/3pq2P/2n3P1/3B1P1K/8 b - - 0 1,-0.6686698198318481,-0.3544921875,0.31417763233184814,128000,-428.0,-0.6127628248870536,0.31417763233184814,0.2582706373870536,0.055906994944794564,0.17053246884132744,0.07068599206073183,143.0,2,0,-0.7894612209549805,0.4349690334549805,0.12079140112313236,-0.6127628248870536,0.2582706373870536,0.055906994944794564,-0.4891938316549519,0.1347016441549519,0.17947598817689625,-0.34227457164127195,0.012217615858728048,0.3263952481905762,-285.0,-0.44223035604572614,f7e6,0.226439463786122,-374.0,-0.5534446238100857,a7a5,0.1152251960217624,-428.0,-0.6127628248870536,e4e2,0.055906994944794564,0.9574468085106383,0.9574468085106383,0.8936170212765957,0.0,0.7021276595744681,unstable,False,True,True
test,6,5893,3,"[0.500,0.700]",2,r2q1rk1/p2nb1pp/3p4/2p1P2b/Np2P3/1P1P1N1P/1PPBQP2/2KR3R w - - 0 1,-0.5141342282295227,-0.10772705078125,0.4064071774482727,128000,-384.0,-0.564899552846225,0.4064071774482727,0.45717250206497495,0.050765324616702245,0.06188524698204678,0.02570762177219847,52.0,0,0,-0.7442768673618373,0.6365498165805873,0.23014263913231459,-0.564899552846225,0.45717250206497495,0.050765324616702245,-0.4462436102487796,0.3385165594675296,0.06789061798074308,-0.30950692121263845,0.20177987043138845,0.20462730701688425,-332.0,-0.5030143058641782,e5d6,0.011119922365344537,-349.0,-0.5238757423318814,e5d6,0.009741514102358684,-384.0,-0.564899552846225,e5d6,0.050765324616702245,0.5319148936170213,0.5319148936170213,0.3191489361702128,0.0,0.3457446808510638,middle,False,True,True
test,6,46033,3,"[0.500,0.700]",2,2rr2k1/5pp1/pq1Bb2p/1p1nQ3/8/8/PP2BPPP/R2R2K1 w - - 0 1,-0.5522873997688293,0.032684326171875,0.5849717259407043,128000,-377.0,-0.5569035186939992,0.5849717259407043,0.5895878448658742,0.0046161189251698875,0.056899112839567834,0.02364848031669006,52.0,0,0,-0.7363687637736096,0.7690530899454846,0.18408136400478026,-0.5569035186939992,0.5895878448658742,0.0046161189251698875,-0.4392087380968982,0.4718930642687732,0.11307866167193115,-0.3042229092068452,0.3369072353787202,0.24806449056198415,-411.0,-0.5947603071377391,d1d5,0.04247290736890974,-429.0,-0.6138026315335671,d1d5,0.06151523176473772,-377.0,-0.5569035186939992,d1d5,0.0046161189251698875,0.48936170212765956,0.48936170212765956,0.3404255319148936,0.0,0.32978723404255317,middle,False,False,True
test,6,27048,3,"[0.500,0.700]",2,r4qk1/6pp/pb2p1n1/1p1pP3/3p4/1BP4Q/PP4PP/R1B3K1 w - - 0 1,0.6804760098457336,-0.21240234375,0.8928783535957336,128000,456.0,0.6410769611853464,0.8928783535957336,0.8534793049353464,0.03939904866038724,0.128169902724538,0.054975134143951,116.0,0,0,0.814414093765686,1.026816437515686,0.13393808391995232,0.6410769611853464,0.8534793049353464,0.03939904866038724,0.5153592780074097,0.7277616217574097,0.16511673183832398,0.3627074675780511,0.5751098113280511,0.31776854226768253,340.0,0.5129070584608084,h3e6,0.16756895138492522,428.0,0.6127628248870536,h3e6,0.06771318495868006,456.0,0.6410769611853464,h3e6,0.03939904866038724,0.8936170212765957,0.9361702127659575,0.3617021276595745,0.0,0.5478723404255319,unstable,False,False,True
test,6,39594,4,"[0.700,1.000]",0,8/3bk3/2p5/KpPp1pPN/3P1P2/8/8/8 w - - 0 1,0.8501425385475159,0.82958984375,0.02055269479751587,128000,347.0,0.5214530065746719,0.02055269479751587,0.30813683717532814,0.328689531972844,0.23931819390503772,0.09782578531445517,173.0,0,0,0.7001017166719224,0.12948812707807755,0.15004082187559342,0.5214530065746719,0.30813683717532814,0.328689531972844,0.40845046772861404,0.42113937602138596,0.4416920708189018,0.28136763251746516,0.5482222112325348,0.5687749060300507,174.0,0.28213481266963414,h5g3,0.5680077258778817,263.0,0.41226199327091606,h5g3,0.4378805452765998,347.0,0.5214530065746719,h5g3,0.328689531972844,0.9574468085106383,0.9574468085106383,0.2978723404255319,0.0,0.5531914893617021,unstable,True,True,True
test,6,5359,4,"[0.700,1.000]",2,8/8/6p1/R3pk1p/5r1P/6K1/8/8 b - - 0 1,0.9436094164848328,0.51904296875,0.42456644773483276,128000,516.0,0.6962576726866814,0.42456644773483276,0.17721470393668137,0.2473517437981514,0.1279632943317106,0.05933079508744592,129.0,0,0,0.8591265382143658,0.3400835694643658,0.08448287827046697,0.6962576726866814,0.17721470393668137,0.2473517437981514,0.5682943783549708,0.049251409604970764,0.375315038129862,0.405321308689463,0.11372166006053702,0.5382881077953698,387.0,0.5682943783549708,f4g4,0.375315038129862,511.0,0.6919391722993881,f4g4,0.2516702441854447,516.0,0.6962576726866814,f4g4,0.2473517437981514,0.8723404255319149,0.8723404255319149,0.3191489361702128,0.0,0.5159574468085106,unstable,True,True,True
test,7,19502,0,"[0.000,0.050]",1,5rk1/1pr1ppbp/3p2p1/p2R4/N3P1q1/1Q3P2/PPP3PP/3R2K1 b - - 0 1,-0.004999958444386721,0.11260986328125,0.11760982172563672,128000,-38.0,-0.06324878996353721,0.11760982172563672,0.17585865324478722,0.05824883151915049,0.06324878996353721,0.025833593629635956,38.0,1,1,-0.09471523628617855,0.20732509956742856,0.08971527784179183,-0.06324878996353721,0.17585865324478722,0.05824883151915049,-0.04746430825312217,0.16007417153437217,0.04246434980873545,-0.03165608603411248,0.14426594931536246,0.026656127589725756,0.0,0.0,g4d7,0.004999958444386721,-20.0,-0.03332099313882286,g4h4,0.028321034694436142,-38.0,-0.06324878996353721,g4h4,0.05824883151915049,0.7872340425531915,0.7659574468085106,0.7872340425531915,0.851063829787234,0.7978723404255319,unstable,False,False,True
test,7,47532,0,"[0.000,0.050]",1,4rk2/p4pp1/7p/1P6/8/5P2/4K2P/R7 w - - 0 1,-0.04330623149871826,-0.1702880859375,0.12698185443878174,128000,-24.0,-0.03997868031116357,0.12698185443878174,0.13030940562633642,0.003327551187554692,0.046616254997977565,0.019606609637175025,28.0,0,0,-0.059928103529143496,0.11035998240835651,0.016621872030425235,-0.03997868031116357,0.13030940562633642,0.003327551187554692,-0.029991003238820143,0.14029708269867985,0.013315228259898119,-0.01999733375993093,0.15029075217756907,0.023308897738787332,-32.0,-0.05328282290096793,e2d3,0.009976591402249671,-4.0,-0.0066665679029903665,e2d3,0.036639663595727893,-24.0,-0.03997868031116357,e2d3,0.003327551187554692,0.6382978723404256,0.6170212765957447,0.48936170212765956,0.574468085106383,0.5797872340425532,middle,False,True,True
test,7,16239,0,"[0.000,0.050]",2,8/ppk2pp1/7p/4p3/2P5/1P3PP1/P4K1P/8 b - - 0 1,-0.0,0.2191162109375,0.2191162109375,128000,-5.0,-0.008333140437456983,0.2191162109375,0.22744935137495698,0.008333140437456983,0.04163956511034189,0.018261715526062997,25.0,2,0,-0.012499348999020865,0.23161555993652086,0.012499348999020865,-0.008333140437456983,0.22744935137495698,0.008333140437456983,-0.006249918621063212,0.22536612955856322,0.006249918621063212,-0.004166642554179793,0.22328285349167978,0.004166642554179793,-1.0,-0.001666665123458505,c7c6,0.001666665123458505,-26.0,-0.0433062302338004,a7a5,0.0433062302338004,-5.0,-0.008333140437456983,f7f5,0.008333140437456983,0.574468085106383,0.574468085106383,0.9787234042553191,0.5957446808510638,0.6808510638297872,unstable,False,False,False
test,7,9938,1,"[0.050,0.200]",0,r1b2rk1/p3bp2/2pNp2p/6p1/2B5/4P1P1/PP2KPP1/3R3R b - - 0 1,-0.06158861890435219,-0.10009765625,0.03850903734564781,128000,-35.0,-0.05826725814409372,0.03850903734564781,0.04183039810590628,0.0033213607602584697,0.01824955096793255,0.008602920828689752,11.0,0,0,-0.08727737447415772,0.012820281775842282,0.02568875556980553,-0.05826725814409372,0.04183039810590628,0.0033213607602584697,-0.043722107943203026,0.056375548306796974,0.017866510961149162,-0.029158398839580997,0.07093925741041901,0.03243022006477119,-35.0,-0.05826725814409372,g8g7,0.0033213607602584697,-46.0,-0.07651680911202627,g8g7,0.01492819020767408,-35.0,-0.05826725814409372,g8g7,0.0033213607602584697,0.2553191489361702,0.2765957446808511,0.46808510638297873,0.8085106382978723,0.4521276595744681,middle,False,True,True
test,7,21519,1,"[0.050,0.200]",2,3r2R1/kpr4p/1n1q1p1B/p1p1pP1B/Pn1pP3/1P1P2Q1/2P3RP/6K1 b - - 0 1,-0.06656807661056519,-0.319580078125,0.2530120015144348,128000,-81.0,-0.13418580993090867,0.2530120015144348,0.18539426819409133,0.06761773332034349,0.031218702608543564,0.01279662145754484,19.0,1,0,-0.1997767377279966,0.11980334039700341,0.1332086611174314,-0.13418580993090867,0.18539426819409133,0.06761773332034349,-0.10090542267905561,0.2186746554459444,0.034337346068490426,-0.06739767086580163,0.2521824072591984,0.000829594255236446,-62.0,-0.10296710732236511,d8g8,0.03639903071179992,-70.0,-0.11614021174790659,d8g8,0.049572135137341405,-81.0,-0.13418580993090867,c5c4,0.06761773332034349,0.46808510638297873,0.44680851063829785,0.8297872340425532,0.8297872340425532,0.6436170212765957,unstable,False,True,True
test,7,28318,1,"[0.050,0.200]",2,3k4/pp2nBQ1/3qp3/2r3B1/3p4/P7/4n1PP/R6K b - - 0 1,-0.06656807661056519,-0.50634765625,0.4397795796394348,128000,-89.0,-0.14725490855271123,0.4397795796394348,0.35909274769728877,0.08068683194214604,0.14558219058669647,0.0601381470390639,92.0,1,0,-0.21889956725665036,0.2874480889933496,0.15233149064608517,-0.14725490855271123,0.35909274769728877,0.08068683194214604,-0.11079329664117832,0.3955543596088217,0.04422522003061313,-0.07403097582595759,0.4323166804240424,0.007462899215392407,-181.0,-0.2928370991394077,c5f5,0.2262690225288425,-122.0,-0.20057667874737134,d8d7,0.13400860213680615,-89.0,-0.14725490855271123,d8d7,0.08068683194214604,1.0,1.0,0.851063829787234,0.851063829787234,0.925531914893617,unstable,False,True,True
test,7,22516,2,"[0.200,0.500]",0,1r6/4bpk1/q1p3p1/4p1Bp/P3P2P/P4P2/K1Q2P2/7R b - - 0 1,0.42326804995536804,0.3486328125,0.07463523745536804,128000,186.0,0.30043709714765415,0.07463523745536804,0.04819571535234585,0.12283095280771389,0.013693363925628088,0.006129219512661689,9.0,0,0,0.43415057098594506,0.08551775848594506,0.01088252103057702,0.30043709714765415,0.04819571535234585,0.12283095280771389,0.2283992855537903,0.1202335269462097,0.19486876440157774,0.15377052226409266,0.19486229023590734,0.2694975276912754,178.0,0.2882592022313934,e7g5,0.13500884772397465,187.0,0.3019525661570215,e7g5,0.12131548379834656,186.0,0.30043709714765415,e7g5,0.12283095280771389,0.10638297872340426,0.10638297872340426,0.5957446808510638,0.0,0.20212765957446807,stable,True,True,True
test,7,20876,2,"[0.200,0.500]",1,r3r1k1/p2b3p/2p3p1/3p1pP1/5P2/PB1K3P/1PPB1n2/R6R w - - 0 1,-0.33044999837875366,-0.181640625,0.14880937337875366,128000,-224.0,-0.3569038982840363,0.14880937337875366,0.1752632732840363,0.02645389990528263,0.030521585462582546,0.012463940288182967,21.0,0,0,-0.5079774328978962,0.3263368078978962,0.17752743451914255,-0.3569038982840363,0.1752632732840363,0.02645389990528263,-0.27290508056313273,0.09126445556313273,0.05754491781562093,-0.1845283661215829,0.0028877411215829096,0.14592163225717075,-214.0,-0.34227457164127195,d3d4,0.01182457326251829,-235.0,-0.3727961571038545,d3d4,0.042346158725100835,-224.0,-0.3569038982840363,d3d4,0.02645389990528263,0.3829787234042553,0.3191489361702128,0.6170212765957447,0.0,0.32978723404255317,middle,False,True,True
test,7,1137,2,"[0.200,0.500]",2,r1bq1rk1/4bpp1/p3pn1p/1p4B1/2nP3Q/2N2N2/P1B2PPP/1R3RK1 w - - 0 1,0.4136444330215454,0.019256591796875,0.3943878412246704,128000,194.0,0.31251782196482775,0.3943878412246704,0.29326123016795275,0.10112661105671766,0.13282362217314714,0.05536506474661831,85.0,0,0,0.45023899557964614,0.43098240378277114,0.03659456255810073,0.31251782196482775,0.29326123016795275,0.10112661105671766,0.23785570960038063,0.21859911780350563,0.17578872342116478,0.1602727910625605,0.1410161992656855,0.2533716419589849,109.0,0.1796941997916806,g5h6,0.2339502332298648,166.0,0.2698172069550311,g5h6,0.14382722606651432,194.0,0.31251782196482775,g5h6,0.10112661105671766,0.9361702127659575,0.9361702127659575,0.6382978723404256,0.0,0.6276595744680851,unstable,False,True,True
test,7,42802,3,"[0.500,0.700]",0,1r5k/1R1R2pp/8/8/8/4P1P1/Bp4PK/5r2 b - - 0 1,-0.6741617321968079,-0.58544921875,0.08871251344680786,128000,-453.0,-0.638122413695716,0.08871251344680786,0.052673194945715984,0.03603931850109188,0.0881558807970464,0.036037322041929436,82.0,1,0,-0.8118731484163844,0.22642392966638436,0.1377114162195765,-0.638122413695716,0.052673194945715984,0.03603931850109188,-0.5125999401983709,0.07284927855162915,0.161561791998437,-0.36053439339729687,0.22491482535270313,0.313627338799511,-371.0,-0.5499665328986696,b8a8,0.12419519929813827,-414.0,-0.5979820004989412,b8a8,0.07617973169786663,-453.0,-0.638122413695716,b8f8,0.03603931850109188,0.7659574468085106,0.723404255319149,0.7021276595744681,0.0,0.5478723404255319,unstable,False,True,True
test,7,4392,3,"[0.500,0.700]",1,r5k1/5p1p/3q2p1/3p1p2/2nP4/p2BPPP1/R6P/2Q3K1 b - - 0 1,0.6469294428825378,0.38330078125,0.26362866163253784,128000,422.0,0.6064793141135341,0.26362866163253784,0.22317853286353406,0.04045012876900378,0.0670620685452179,0.029616685202948155,60.0,0,0,0.7837426664759928,0.4004418852259928,0.13681322359345494,0.6064793141135341,0.22317853286353406,0.04045012876900378,0.48346775986286245,0.10016697861286245,0.1634616830196754,0.33785280060232237,0.04544798064767763,0.3090766422802155,413.0,0.5969102374544998,d6b4,0.05001920542803806,362.0,0.5394172455683162,d6b4,0.10751219731422168,422.0,0.6064793141135341,d6b4,0.04045012876900378,0.5957446808510638,0.6382978723404256,0.3829787234042553,0.0,0.4042553191489362,middle,False,True,True
test,7,24099,3,"[0.500,0.700]",1,3r2k1/5p1p/2q3p1/1pp5/8/1Pb3P1/P2NQP1P/4R1K1 w - - 0 1,-0.6096306443214417,-0.342041015625,0.26758962869644165,128000,-396.0,-0.5783634130445058,0.26758962869644165,0.23632239741950578,0.03126723127693587,0.08790279974032988,0.03952533687138624,74.0,0,0,-0.7573623242165263,0.4153213085915263,0.14773167989508462,-0.5783634130445058,0.23632239741950578,0.03126723127693587,-0.458175844698613,0.116134829073613,0.15145479962282865,-0.31852077690277086,0.023520238722229136,0.2911098674186708,-322.0,-0.4904606133041759,e1d1,0.11917003101726575,-329.0,-0.49927003692167204,e1d1,0.1103606073997696,-396.0,-0.5783634130445058,e1d1,0.03126723127693587,0.7446808510638298,0.8085106382978723,0.40425531914893614,0.0,0.48936170212765956,unstable,False,True,True
test,7,28629,3,"[0.500,0.700]",1,r3r3/6k1/b1Q1pqp1/p2p3p/2P5/1P1B4/P4PPP/3RR1K1 w - - 0 1,0.5534446239471436,0.26904296875,0.28440165519714355,128000,313.0,0.4789853254853717,0.28440165519714355,0.2099423567353717,0.07445929846177185,0.025272897393768645,0.011119084713443462,20.0,0,0,0.6541393002077226,0.3850963314577226,0.10069467626057904,0.4789853254853717,0.2099423567353717,0.07445929846177185,0.3724373417953623,0.10339437304536231,0.18100728215178125,0.25507481212499494,0.013968156625005057,0.2983698118221486,316.0,0.48282895353787086,h2h3,0.07061567040927269,333.0,0.5042582228791403,h2h3,0.049186401068003205,313.0,0.4789853254853717,h2h3,0.07445929846177185,0.1276595744680851,0.14893617021276595,0.425531914893617,0.0,0.17553191489361702,stable,False,True,True
test,7,39797,3,"[0.500,0.700]",2,r5k1/pp3np1/3pp2p/8/1PP1P3/P1Q4P/6PK/8 b - - 0 1,-0.545299232006073,-0.218505859375,0.326793372631073,128000,-367.0,-0.5452992442752569,0.326793372631073,0.3267933849002569,1.2269183891078228e-08,0.08712339957664389,0.03558782215215573,70.0,1,0,-0.7247125847970074,0.5062067254220074,0.1794133527909344,-0.5452992442752569,0.3267933849002569,1.2269183891078228e-08,-0.4290648794707908,0.2105590200957908,0.11623435253528219,-0.2966417949435394,0.07813593556853943,0.24865743706253357,-297.0,-0.458175844698613,a8c8,0.08712338730746,-333.0,-0.5042582228791403,b7b6,0.04104100912693265,-367.0,-0.5452992442752569,b7b6,1.2269183891078228e-08,0.723404255319149,0.7021276595744681,0.723404255319149,0.0,0.5372340425531915,unstable,False,True,True
test,7,9398,3,"[0.500,0.700]",2,2k1r3/5r2/1pp5/p1p4p/P1P2n1P/1P6/5BK1/3RR3 w - - 0 1,-0.5322887301445007,-0.200439453125,0.33184927701950073,128000,-314.0,-0.48026858828703056,0.33184927701950073,0.27982913516203056,0.05202014185747017,0.09321197189118852,0.038614836601504436,69.0,2,0,-0.6555672165322444,0.45512776340724437,0.12327848638774364,-0.48026858828703056,0.27982913516203056,0.05202014185747017,-0.37351345328780355,0.17307400016280355,0.15877527685669718,-0.25585376040312763,0.05541430727812763,0.2764349697413731,-245.0,-0.38705661639584205,g2h2,0.1452321137486587,-289.0,-0.4475773947596221,g2g1,0.08471133538487863,-314.0,-0.48026858828703056,g2f1,0.05202014185747017,0.8297872340425532,0.7872340425531915,0.9148936170212766,0.0,0.6329787234042553,unstable,False,True,True
test,7,13654,3,"[0.500,0.700]",2,r5k1/1p2qppp/p3b3/8/1b6/4P3/3B1PPP/R2QKB1R b KQ - 0 1,0.624083936214447,0.00701141357421875,0.6170725226402283,128000,397.0,0.5794715034909611,0.6170725226402283,0.5724600899167424,0.04461243272348592,0.014349588343084307,0.0059073334855874226,13.0,0,0,0.7584263132115813,0.7514148996373625,0.13434237699713425,0.5794715034909611,0.5724600899167424,0.04461243272348592,0.45916287251332605,0.4521514589391073,0.16492106370112097,0.31926936512430265,0.3122579515500839,0.30481457109014437,392.0,0.5739096680550211,a8d8,0.05017426815942594,405.0,0.5882592563981054,a8d8,0.03582467981634163,397.0,0.5794715034909611,a8d8,0.04461243272348592,0.0425531914893617,0.0425531914893617,0.44680851063829785,0.0,0.13297872340425532,stable,False,True,True
test,7,42176,4,"[0.700,1.000]",0,8/p2r1p1p/4p1p1/1P1k4/PKR5/6P1/4PP1P/8 w - - 0 1,0.7352222800254822,0.71337890625,0.021843373775482178,128000,458.0,0.6430361683532284,0.021843373775482178,0.07034273789677159,0.09218611167225377,0.014427668695751406,0.00622769122816029,15.0,0,0,0.8160909001379913,0.10271199388799135,0.08086862011250917,0.6430361683532284,0.07034273789677159,0.09218611167225377,0.51719292375787,0.19618598249213004,0.21802935626761222,0.36415399728173453,0.34922490896826547,0.37106828274374765,473.0,0.6574638370489798,e2e4,0.07775844297650236,461.0,0.6459592681306492,e2e4,0.08926301189483299,458.0,0.6430361683532284,e2e4,0.09218611167225377,0.1276595744680851,0.1276595744680851,0.3404255319148936,0.0,0.14893617021276595,stable,True,True,True
test,7,45655,4,"[0.700,1.000]",0,5rk1/np2bppp/p1b1pn2/8/1PN5/P3PN2/1B2BPPP/R4RK1 w - - 0 1,0.7290359735488892,0.76220703125,0.03317105770111084,128000,612.0,0.7698665359089003,0.03317105770111084,0.007659504658900307,0.04083056236001115,0.010196121199613661,0.004166579574004181,15.0,2,0,0.9104245939004265,0.14821756265042652,0.18138862035153736,0.7698665359089003,0.007659504658900307,0.04083056236001115,0.644012628427507,0.11819440282249305,0.08502334512138221,0.4699451989330376,0.2922618323169624,0.25909077461585156,619.0,0.7745759212954744,h2h4,0.04553994774658521,604.0,0.7643798000958607,b2d4,0.035343826546971546,612.0,0.7698665359089003,f3d4,0.04083056236001115,0.06382978723404255,0.06382978723404255,0.9574468085106383,0.0,0.2712765957446809,stable,True,True,True
test,7,26994,4,"[0.700,1.000]",1,1R6/r3k3/2P5/P7/BKP3p1/6P1/8/7b w - - 0 1,0.9281682968139648,0.79052734375,0.13764095306396484,128000,609.0,0.7678221558620103,0.13764095306396484,0.022705187887989697,0.16034614095195454,0.048293645122785334,0.01974027494343287,65.0,1,0,0.9091323414508224,0.11860499770082245,0.0190359553631424,0.7678221558620103,0.022705187887989697,0.16034614095195454,0.6418126466757004,0.14871469707429963,0.2863556501382645,0.4679950330431393,0.3225323107068607,0.46017326377082557,544.0,0.719528510739225,b8h8,0.20863978607473987,578.0,0.745760022091855,a4b5,0.18240827472210985,609.0,0.7678221558620103,a4b5,0.16034614095195454,0.3617021276595745,0.3617021276595745,0.8085106382978723,0.0,0.3829787234042553,middle,True,True,True
test,7,1735,4,"[0.700,1.000]",2,7k/8/5N1P/7P/1p6/p7/K7/8 w - - 0 1,1.0,0.326171875,0.673828125,128000,598.0,0.760190683761021,0.673828125,0.43401880876102095,0.23980931623897905,0.1516083527520723,0.06309366668344987,174.0,0,0,0.9042406203001623,0.5780687453001623,0.09575937969983772,0.760190683761021,0.43401880876102095,0.23980931623897905,0.6336551189618977,0.30748324396189775,0.36634488103810225,0.46080540194525943,0.13463352694525943,0.5391945980547406,424.0,0.6085823310089487,a2b3,0.39141766899105135,474.0,0.658409035955251,a2b3,0.341590964044749,598.0,0.760190683761021,a2b3,0.23980931623897905,0.9148936170212766,0.9148936170212766,0.3617021276595745,0.0,0.5478723404255319,unstable,False,True,True
test,7,11417,4,"[0.700,1.000]",2,r6k/ppr2pRp/4pq2/3pN3/8/3P4/PP1Q3P/1K6 w - - 0 1,-0.7435325384140015,-0.0275115966796875,0.716020941734314,128000,-569.0,-0.7390275854437349,0.716020941734314,0.7115159887640474,0.00450495297026654,0.07313142052481603,0.031347095252090444,87.0,1,0,-0.8901193004193375,0.86260770373965,0.14658676200533605,-0.7390275854437349,0.7115159887640474,0.00450495297026654,-0.6114600767800522,0.5839484801003647,0.13207246163394926,-0.44155974880506726,0.41404815212537976,0.3019727896089342,-482.0,-0.6658961649189189,g7h7,0.07763637349508257,-548.0,-0.7227283058577738,g7g1,0.020804232556227653,-569.0,-0.7390275854437349,g7g1,0.00450495297026654,0.6808510638297872,0.6808510638297872,0.8297872340425532,0.0,0.5478723404255319,unstable,False,True,True
test,7,20215,4,"[0.700,1.000]",2,8/6kp/4R3/1p2rn2/p1p3P1/2K5/PP5P/8 w - - 0 1,0.7830989360809326,0.0027179718017578125,0.7803809642791748,128000,520.0,0.6996765874203054,0.7803809642791748,0.6969586156185476,0.08342234866062725,0.028968411024368423,0.0130975891574977,33.0,0,0,0.8617231593133063,0.8590051875115485,0.07862422323237372,0.6996765874203054,0.6969586156185476,0.08342234866062725,0.5716699660851172,0.5689519942833594,0.2114289699958154,0.40810325523432484,0.405385283432567,0.3749956808466078,523.0,0.7022199319976096,e6e5,0.08087900408332305,490.0,0.6732515209732411,e6e5,0.10984741510769147,520.0,0.6996765874203054,e6e5,0.08342234866062725,0.2127659574468085,0.23404255319148937,0.3829787234042553,0.0,0.2074468085106383,stable,False,True,True
test,8,5942,0,"[0.000,0.050]",0,2bq1r1k/r3p1bp/3P2p1/p1NQpp2/1p6/5B2/P1P2PPP/1R3RK1 w - - 0 1,-0.011666137725114822,0.0086822509765625,0.020348388701677322,128000,-2.0,-0.0033333209877091908,0.020348388701677322,0.012015571964271691,0.008332816737405631,0.04998903084811086,0.020407936409296855,30.0,0,2,-0.004999958333749996,0.013682209310312495,0.006666179391364826,-0.0033333209877091908,0.012015571964271691,0.008332816737405631,-0.0024999947916796877,0.011182245768242187,0.009166142933435135,-0.001666665123458505,0.010348916100021005,0.009999472601656317,-17.0,-0.0283257539770161,d6d7,0.016659616251901276,13.0,0.02166327687109476,d6d7,0.03332941459620958,-2.0,-0.0033333209877091908,d6d7,0.008332816737405631,0.6808510638297872,0.6595744680851063,0.5106382978723404,0.9787234042553191,0.7074468085106382,unstable,False,False,True
test,8,18353,0,"[0.000,0.050]",1,r2q1rk1/2pb2pp/1bp2p2/p1NpP3/P4P2/4B3/1PPQ2PP/R4RK1 b - - 0 1,-0.019997334107756615,-0.13134765625,0.11135032214224339,128000,-48.0,-0.07982976911113136,0.11135032214224339,0.05151788713886864,0.05983243500337475,0.098161048708232,0.040076360374018134,59.0,1,1,-0.11942729853438588,0.011920357715614116,0.09942996442662927,-0.07982976911113136,0.05151788713886864,0.05983243500337475,-0.059928103529143496,0.07141955272085651,0.03993076942138688,-0.03997868031116357,0.09136897593883643,0.019981346203406955,11.0,0.01833127959710064,d8e7,0.03832861370485725,-19.0,-0.03165608603411248,d8e7,0.011658751926355862,-48.0,-0.07982976911113136,f6e5,0.05983243500337475,0.9574468085106383,0.9361702127659575,0.8085106382978723,0.8723404255319149,0.8936170212765958,unstable,True,True,True
test,8,37,0,"[0.000,0.050]",1,rn3rk1/ppq2ppp/3b1n2/5p2/8/1BP2N2/PP3PPP/R1BQR1K1 b - - 0 1,-0.033320993185043335,-0.164794921875,0.13147392868995667,128000,-48.0,-0.07982976911113136,0.13147392868995667,0.08496515276386864,0.04650877592608803,0.004966112437570627,0.002341047853827364,3.0,2,0,-0.11942729853438588,0.045367623340614116,0.08610630534934255,-0.07982976911113136,0.08496515276386864,0.04650877592608803,-0.059928103529143496,0.10486681834585651,0.02660711034410016,-0.03997868031116357,0.12481624156383643,0.006657687126120235,-51.0,-0.08479588154870199,b8d7,0.051474888363658655,-51.0,-0.08479588154870199,b8c6,0.051474888363658655,-48.0,-0.07982976911113136,b8d7,0.04650877592608803,0.0425531914893617,0.1276595744680851,1.0,0.6170212765957447,0.44680851063829785,middle,False,True,True
test,8,33250,0,"[0.000,0.050]",2,8/6kp/5pp1/8/bB6/8/1P3PPP/5K2 b - - 0 1,-0.028325753286480904,-0.2288818359375,0.2005560826510191,128000,-39.0,-0.0649086127746375,0.2005560826510191,0.1639732231628625,0.036582859488156594,0.03325252674052502,0.014365503158891183,20.0,1,0,-0.09719221716626866,0.13168961877123134,0.06886646387978776,-0.0649086127746375,0.1639732231628625,0.036582859488156594,-0.04871141753641441,0.18017041840108558,0.02038566424993351,-0.032488562124144915,0.19639327381335508,0.0041628088376640116,-19.0,-0.03165608603411248,a4b5,0.003330332747631573,-23.0,-0.038314568128458674,a4b5,0.00998881484197777,-39.0,-0.0649086127746375,g7f7,0.036582859488156594,0.46808510638297873,0.46808510638297873,0.8297872340425532,0.6382978723404256,0.601063829787234,middle,False,True,True
test,8,13,0,"[0.000,0.050]",2,r1bq1rk1/1p2bppp/pnn1p3/4P3/PP6/N4N2/B2B1PPP/R2Q1RK1 w - - 0 1,0.0,0.2193603515625,0.2193603515625,128000,27.0,0.044969649583600245,0.2193603515625,0.17439070197889975,0.044969649583600245,0.014978646344780102,0.0064220827815645665,9.0,1,0,0.06739767086580163,0.15196268069669838,0.06739767086580163,0.044969649583600245,0.17439070197889975,0.044969649583600245,0.03373719138276957,0.18562316017973043,0.03373719138276957,0.022496203893709668,0.19686414766879035,0.022496203893709668,18.0,0.029991003238820143,d1c2,0.029991003238820143,25.0,0.04164257074548595,a2b1,0.04164257074548595,27.0,0.044969649583600245,a2b1,0.044969649583600245,0.2553191489361702,0.2553191489361702,0.851063829787234,0.6595744680851063,0.5053191489361701,middle,False,True,False
test,8,34114,0,"[0.000,0.050]",2,8/p7/1pPK1n2/8/PP3k1p/8/6P1/8 w - - 0 1,0.0,0.28857421875,0.28857421875,128000,0.0,0.0,0.28857421875,0.28857421875,0.0,0.044969649583600245,0.02119889611209769,27.0,0,1,0.0,0.28857421875,0.0,0.0,0.28857421875,0.0,0.0,0.28857421875,0.0,0.0,0.28857421875,0.0,27.0,0.044969649583600245,d6e6,0.044969649583600245,0.0,0.0,d6e6,0.0,0.0,0.0,d6e6,0.0,0.6170212765957447,0.6808510638297872,0.5319148936170213,0.8936170212765957,0.6808510638297872,unstable,False,False,True
test,8,33627,0,"[0.000,0.050]",2,8/8/3k4/r4p1R/3K1P1P/8/8/8 w - - 0 1,0.0,0.3818359375,0.3818359375,128000,12.0,0.01999733375993093,0.3818359375,0.36183860374006904,0.01999733375993093,0.021663998883389435,0.010212507012041641,13.0,0,2,0.029991003238820143,0.35184493426117985,0.029991003238820143,0.01999733375993093,0.36183860374006904,0.01999733375993093,0.01499887510124078,0.36683706239875924,0.01499887510124078,0.00999966667999946,0.37183627082000054,0.00999966667999946,12.0,0.01999733375993093,h5h6,0.01999733375993093,-1.0,-0.001666665123458505,h5h6,0.001666665123458505,12.0,0.01999733375993093,h5h6,0.01999733375993093,0.3404255319148936,0.3404255319148936,0.5531914893617021,1.0,0.5585106382978724,middle,False,True,False
test,8,18498,1,"[0.050,0.200]",0,r2q1rk1/2p1nppp/p1p5/3p4/2PPp3/4P2P/PP1NQPP1/1K1R3R b - - 0 1,-0.06656807661056519,-0.034149169921875,0.032418906688690186,128000,-42.0,-0.069885890316429,0.032418906688690186,0.035736720394554,0.0033178137058638146,0.039826231965101745,0.016429159859972634,24.0,0,0,-0.10461581914865054,0.07046664922677554,0.03804774253808535,-0.069885890316429,0.035736720394554,0.0033178137058638146,-0.05245181874413747,0.01830264882226247,0.014116257866427714,-0.03498571533277944,0.0008365454109044435,0.03158236127778574,-27.0,-0.044969649583600245,a6a5,0.02159842702696494,-51.0,-0.08479588154870199,a6a5,0.018227804938136805,-42.0,-0.069885890316429,a6a5,0.0033178137058638146,0.6382978723404256,0.574468085106383,0.48936170212765956,0.8723404255319149,0.6436170212765957,unstable,False,True,True
test,8,19449,1,"[0.050,0.200]",1,1q3rk1/1r2bppp/p3p3/2pn4/2R5/3P2P1/1PQBPPBP/5RK1 w - - 0 1,0.059928104281425476,0.17236328125,0.11243517696857452,128000,53.0,0.08810429968944254,0.11243517696857452,0.08425898156055746,0.028176195408017066,0.037889254435358524,0.016524840732691195,23.0,0,0,0.1317300057909633,0.040633275459036694,0.07180190150953783,0.08810429968944254,0.08425898156055746,0.028176195408017066,0.06615324473220913,0.10621003651779087,0.0062251404507836505,0.04413797050034082,0.12822531074965918,0.015790133781084653,76.0,0.12599355412480107,d2f4,0.06606544984337559,57.0,0.09471523628617855,d2f4,0.03478713200475307,53.0,0.08810429968944254,d2f4,0.028176195408017066,0.574468085106383,0.6170212765957447,0.5106382978723404,0.8936170212765957,0.6489361702127658,unstable,False,True,True
test,8,44740,1,"[0.050,0.200]",2,2r3k1/5ppp/4p3/p1n5/8/1P4P1/P4PBP/R5K1 w - - 0 1,0.059928104281425476,0.18505859375,0.12513048946857452,128000,30.0,0.04995837495787997,0.12513048946857452,0.13510021879212003,0.009969729323545506,0.036491954005835464,0.017202472090849238,22.0,0,0,0.07485969068749909,0.11019890306250091,0.014931586406073616,0.04995837495787997,0.13510021879212003,0.009969729323545506,0.03748243175707048,0.14757616199292953,0.022445672524354997,0.02499479296842069,0.1600638007815793,0.03493331131300478,52.0,0.08645032896371543,a1c1,0.026522224682289958,30.0,0.04995837495787997,a1c1,0.009969729323545506,30.0,0.04995837495787997,a1c1,0.009969729323545506,0.5531914893617021,0.6808510638297872,0.5319148936170213,0.9148936170212766,0.6702127659574468,unstable,False,True,True
test,8,28483,1,"[0.050,0.200]",2,r1b1k2r/pp2bpp1/2p4p/4P2n/3q4/2NB4/PPQ2PPP/R3K1NR w KQkq - 0 1,-0.08975778520107269,0.05902099609375,0.1487787812948227,128000,-3.0,-0.004999958333749996,0.1487787812948227,0.0640209544275,0.0847578268673227,0.011666526236740363,0.0051519549174806655,7.0,0,1,-0.00749985937816399,0.06652085547191398,0.08225792582290871,-0.004999958333749996,0.0640209544275,0.0847578268673227,-0.0037499824219738766,0.06277097851572387,0.08600780277909882,-0.0024999947916796877,0.061520990885429686,0.08725779040939301,4.0,0.0066665679029903665,g1f3,0.09642435310406305,3.0,0.004999958333749996,g1f3,0.09475774353482269,-3.0,-0.004999958333749996,g1f3,0.0847578268673227,0.10638297872340426,0.10638297872340426,0.5531914893617021,1.0,0.44148936170212766,stable,True,False,True
test,8,34319,2,"[0.200,0.500]",0,8/pp4kp/3p2p1/5p2/4Kp2/2P4R/P5r1/2B5 w - - 0 1,-0.23706936836242676,-0.2666015625,0.029532194137573242,128000,-134.0,-0.21969282485278455,0.029532194137573242,0.046908737647215454,0.01737654350964221,0.03194661898449916,0.013390321748518641,20.0,0,0,-0.3230063184059049,0.05640475590590488,0.08593695004347812,-0.21969282485278455,0.046908737647215454,0.01737654350964221,-0.165950908402399,0.10065065409760099,0.07111845996002775,-0.11120482963833021,0.15539673286166977,0.12586453872409653,-114.0,-0.1877462058682854,e4f4,0.04932316249414137,-128.0,-0.210154837883475,e4f4,0.02691453047895176,-134.0,-0.21969282485278455,e4f4,0.01737654350964221,0.40425531914893614,0.40425531914893614,0.6595744680851063,0.0,0.3670212765957447,middle,False,True,True
test,8,36893,2,"[0.200,0.500]",0,1r5k/p1p1Qpb1/2r1b2p/6p1/4N3/7P/P1PR1PP1/6K1 b - - 0 1,-0.21174733340740204,-0.11907958984375,0.09266774356365204,128000,-164.0,-0.2667237739579079,0.09266774356365204,0.14764418411415792,0.05497644055050588,0.03280287733307413,0.013434511551613557,21.0,2,0,-0.38847268021606096,0.26939309037231096,0.17672534680865892,-0.2667237739579079,0.14764418411415792,0.05497644055050588,-0.2021757576967395,0.08309616785298951,0.009571575710662528,-0.13582209941846443,0.01674250957471443,0.07592523398893761,-143.0,-0.23392089662483379,h8h7,0.022173563217431747,-152.0,-0.2480494776538493,e6a2,0.03630214424644726,-164.0,-0.2667237739579079,h8h7,0.05497644055050588,0.425531914893617,0.425531914893617,1.0,0.0,0.4627659574468085,middle,False,True,True
test,8,7559,2,"[0.200,0.500]",1,7r/8/p5b1/P3k1p1/4Np2/5P2/4NK2/3R4 w - - 0 1,0.48154979944229126,0.58837890625,0.10682910680770874,128000,279.0,0.43415057098594506,0.10682910680770874,0.15422833526405494,0.0473992284563462,0.030223060293846304,0.012597854533028323,22.0,0,0,0.6027785302291144,0.014399623979114429,0.12122873078682317,0.43415057098594506,0.15422833526405494,0.0473992284563462,0.3352665142342311,0.2531123920157689,0.14628328520806017,0.2283992855537903,0.3599796206962097,0.25315051388850096,264.0,0.41364444218713514,e4c3,0.06790535725515612,257.0,0.40392751069209876,e4c3,0.0776222887501925,279.0,0.43415057098594506,e4c3,0.0473992284563462,0.3617021276595745,0.3404255319148936,0.6808510638297872,0.0,0.3457446808510638,middle,False,True,True
test,8,38181,2,"[0.200,0.500]",2,2kr4/1pp2pp1/4p3/1qb5/1P5p/P1n3P1/2Q1PPBP/1RB3K1 w - - 0 1,-0.2053706794977188,0.076904296875,0.2822749763727188,128000,-94.0,-0.15539736153535735,0.2822749763727188,0.23230165841035735,0.04997331796236146,0.05737975001763948,0.023799878653893634,35.0,0,0,-0.23076751278236432,0.3076718096573643,0.02539683328464551,-0.15539736153535735,0.23230165841035735,0.04997331796236146,-0.11696222487632274,0.19386652175132274,0.08840845462139607,-0.07817350493279135,0.15507780180779135,0.12719717456492746,-59.0,-0.09801761151771787,c1g5,0.10735306798000094,-71.0,-0.1177840777795856,c1g5,0.0875866017181332,-94.0,-0.15539736153535735,c1g5,0.04997331796236146,0.6382978723404256,0.6382978723404256,0.7021276595744681,0.0,0.4946808510638298,unstable,False,False,True
test,8,46110,3,"[0.500,0.700]",0,3r4/5kp1/2p2p2/8/1P6/P2bK1pP/6P1/3R4 b - - 0 1,0.6750698685646057,0.71484375,0.03977388143539429,128000,428.0,0.6127628248870536,0.03977388143539429,0.10208092511294642,0.06230704367755213,0.3184027264200593,0.14512028584618336,246.0,0,0,0.7894612209549805,0.0746174709549805,0.11439135239037479,0.6127628248870536,0.10208092511294642,0.06230704367755213,0.4891938316549519,0.2256499183450481,0.18587603690965382,0.34227457164127195,0.37256917835872805,0.33279529692333376,182.0,0.2943600984669943,f6f5,0.3807097700976114,407.0,0.5904348191815271,f6f5,0.08463504938307864,428.0,0.6127628248870536,f6f5,0.06230704367755213,1.0,1.0,0.46808510638297873,0.0,0.6170212765957447,unstable,False,True,True
test,8,46890,3,"[0.500,0.700]",0,2N5/p4p1p/1p2p3/3nk3/r7/2PR1K1P/6P1/8 w - - 0 1,-0.6527066826820374,-0.60546875,0.047237932682037354,128000,-462.0,-0.6469294504417665,0.047237932682037354,0.04146070044176653,0.005777232240270824,0.05758134418310101,0.023531676777170586,56.0,2,0,-0.8194037105941603,0.21393496059416028,0.16669702791212293,-0.6469294504417665,0.04146070044176653,0.005777232240270824,-0.5208460039774621,0.08462274602253794,0.1318606787045753,-0.3670417874726313,0.23842696252736872,0.2856648952094061,-431.0,-0.6158758697563977,f3f2,0.03683081292563961,-406.0,-0.5893481062586655,d3d2,0.06335857642337184,-462.0,-0.6469294504417665,d3d1,0.005777232240270824,0.5106382978723404,0.46808510638297873,0.9361702127659575,0.0,0.4787234042553191,unstable,False,True,True
test,8,29144,3,"[0.500,0.700]",0,r5k1/6p1/p1q3pp/2p3n1/4PRP1/P2P3P/2PQ3K/8 w - - 0 1,-0.6420575976371765,-0.69140625,0.049348652362823486,128000,-475.0,-0.6593521627123083,0.049348652362823486,0.03205408728769166,0.01729456507513183,0.008395160744390506,0.003434991134403371,9.0,2,0,-0.8298019099859595,0.13839565998595948,0.18774431234878297,-0.6593521627123083,0.03205408728769166,0.01729456507513183,-0.5325872861719194,0.15881896382808058,0.1094703114652571,-0.3763781683131265,0.3150280816868735,0.26567942932405003,-484.0,-0.6677473234566988,d2c3,0.025689725819522335,-480.0,-0.664036770267849,h3h4,0.021979172630672505,-475.0,-0.6593521627123083,h2g2,0.01729456507513183,0.02127659574468085,0.02127659574468085,0.9574468085106383,0.0,0.25,stable,False,True,True
test,8,27040,3,"[0.500,0.700]",0,6r1/p4p2/1b6/4kp1p/R1p1p2P/2R3P1/1P2K3/8 b - - 0 1,0.5739096403121948,0.52294921875,0.050960421562194824,128000,334.0,0.5055000508004965,0.050960421562194824,0.017449167949503464,0.06840958951169829,0.053933244758953,0.023777609668720424,42.0,0,0,0.6831516423100883,0.1602024235600883,0.10924200199789347,0.5055000508004965,0.017449167949503464,0.06840958951169829,0.39482222879176454,0.12812698995823546,0.17908741152043028,0.2713618420343272,0.2515873767156728,0.3025477982778676,298.0,0.4594916302039589,f5f4,0.11441801010823593,292.0,0.45156680604154353,f5f4,0.12234283427065129,334.0,0.5055000508004965,f5f4,0.06840958951169829,0.44680851063829785,0.5106382978723404,0.48936170212765956,0.0,0.36170212765957444,middle,True,True,True
test,8,714,3,"[0.500,0.700]",2,r1b1nrk1/ppp2ppp/8/2QNp1q1/5P2/8/PPP3PP/2KR1B1R b - - 0 1,-0.6677473187446594,-0.288330078125,0.3794172406196594,128000,-426.0,-0.6106768328168442,0.3794172406196594,0.32234675469184415,0.05707048592781527,0.03480609317425565,0.014404810932257168,33.0,1,0,-0.7875700166496489,0.4992399385246489,0.11982269790498945,-0.6106768328168442,0.32234675469184415,0.05707048592781527,-0.48728978351252417,0.19895970538752417,0.18045753523213526,-0.34080231961773716,0.05247224149273716,0.32694499912692226,-405.0,-0.5882592563981054,g5g4,0.07948806234655403,-438.0,-0.623065349572361,g5g4,0.044681969172298386,-426.0,-0.6106768328168442,g5h6,0.05707048592781527,0.23404255319148937,0.23404255319148937,0.7446808510638298,0.0,0.30319148936170215,stable,False,True,True
test,8,26513,4,"[0.700,1.000]",0,3r2k1/5ppp/p1p5/2Pp2Pq/1P1B4/2P5/4r1PN/R5RK b - - 0 1,0.7211322784423828,0.73291015625,0.011777877807617188,128000,454.0,0.6391093627665675,0.011777877807617188,0.09380079348343251,0.08202291567581532,0.054129479885838716,0.02501703155988817,52.0,0,0,0.8127235755245286,0.07981341927452856,0.09159129708214575,0.6391093627665675,0.09380079348343251,0.08202291567581532,0.5135209012396211,0.21938925501037887,0.20761137720276168,0.36125918792770484,0.37165096832229516,0.359873090514678,402.0,0.5849798828807288,d8a8,0.13615239556165404,404.0,0.5871682693574662,d8a8,0.13396400908491657,454.0,0.6391093627665675,d8a8,0.08202291567581532,0.40425531914893614,0.48936170212765956,0.40425531914893614,0.0,0.324468085106383,middle,False,True,True
test,8,8176,4,"[0.700,1.000]",0,3r3k/6p1/7p/4Pp2/Nrn2P2/1PR2NPP/R7/1K6 b - - 0 1,-0.755937397480011,-0.72021484375,0.035722553730010986,128000,-512.0,-0.6928068711409956,0.035722553730010986,0.027407972609004405,0.06313052633901539,0.03723965460875123,0.015812048379272463,41.0,0,0,-0.8564849154724973,0.13627007172249728,0.10054751799248629,-0.6928068711409956,0.027407972609004405,0.06313052633901539,-0.564899552846225,0.15531529090377505,0.19103784463378604,-0.4025318347877246,0.3176830089622754,0.3534055626922864,-471.0,-0.6555672165322444,g7g5,0.10037018094776662,-481.0,-0.6649674979566038,g7g5,0.09096989952340717,-512.0,-0.6928068711409956,g7g5,0.06313052633901539,0.2978723404255319,0.2978723404255319,0.425531914893617,0.0,0.2553191489361702,stable,True,True,True
test,8,25651,4,"[0.700,1.000]",0,2k5/3q1r2/1Q6/p7/4B1P1/P4P2/1P6/1K6 w - - 0 1,0.859997034072876,0.896484375,0.03648734092712402,128000,384.0,0.564899552846225,0.03648734092712402,0.33158482215377505,0.295097481226651,0.0656295159245529,0.02736892127732944,55.0,0,0,0.7442768673618373,0.1522075076381627,0.11572016671103869,0.564899552846225,0.33158482215377505,0.295097481226651,0.4462436102487796,0.4502407647512204,0.41375342382409636,0.30950692121263845,0.5869774537873615,0.5504901128602375,329.0,0.49927003692167204,b6a6,0.36072699715120393,346.0,0.5202384742267742,b6a6,0.3397585598461018,384.0,0.564899552846225,b6a6,0.295097481226651,0.5319148936170213,0.5531914893617021,0.44680851063829785,0.0,0.3829787234042553,middle,False,True,True
test,8,20570,4,"[0.700,1.000]",0,7r/ppp1k3/4pp1b/1B5p/4P3/2N4Q/PPP2PPP/3K4 w - - 0 1,0.9352003931999207,0.8896484375,0.045551955699920654,128000,798.0,0.8692493331488548,0.045551955699920654,0.020399104351145225,0.06595106005106588,0.007526173835548433,0.0033643774584438267,18.0,0,0,0.963672617943135,0.07402418044313497,0.028472224743214314,0.8692493331488548,0.020399104351145225,0.06595106005106588,0.7605422194214709,0.12910621807852907,0.17465817377844972,0.5816812695738733,0.30796716792612666,0.3535191236260473,780.0,0.8617231593133063,c3d5,0.07347723388661431,782.0,0.8625788090226766,c3d5,0.07262158417724407,798.0,0.8692493331488548,c3d5,0.06595106005106588,0.02127659574468085,0.02127659574468085,0.46808510638297873,0.0,0.1276595744680851,stable,True,True,True
test,8,7917,4,"[0.700,1.000]",1,8/8/7p/3k1b1P/3PnP1K/4P1p1/7R/8 b - - 0 1,0.7974856495857239,0.93896484375,0.14147919416427612,128000,386.0,0.5671649071146331,0.14147919416427612,0.3717999366353669,0.2303207424710908,0.10373801359839113,0.04241490994626513,85.0,0,0,0.7464988397557184,0.1924660039942816,0.050986809830005475,0.5671649071146331,0.3717999366353669,0.2303207424710908,0.44824354154163726,0.49072130220836274,0.3492421080440866,0.3110131519461215,0.6279516918038786,0.4864724976396024,346.0,0.5202384742267742,d5c4,0.2772471753589497,301.0,0.46342689351624194,d5c4,0.33405875606948193,386.0,0.5671649071146331,d5c4,0.2303207424710908,0.8297872340425532,0.7872340425531915,0.48936170212765956,0.0,0.5265957446808511,unstable,False,True,True
test,8,24723,4,"[0.700,1.000]",1,2k2r2/ppp4p/1q3B2/4Q3/P7/1P1P4/2P2PPP/4R1K1 b - - 0 1,-0.7122159600257874,-0.89404296875,0.18182700872421265,128000,-523.0,-0.7022199319976096,0.18182700872421265,0.19182303675239043,0.009996028028177784,0.011150462164678965,0.004555811812379566,13.0,0,0,-0.8636414743963026,0.030401494353697434,0.1514255143705152,-0.7022199319976096,0.19182303675239043,0.009996028028177784,-0.5741890294408181,0.31985393930918193,0.1380269305849693,-0.4101847565618646,0.4838582121881354,0.30203120346392276,-510.0,-0.6910694698329306,b6f6,0.02114649019285675,-516.0,-0.6962576726866814,b6f6,0.01595828733910598,-523.0,-0.7022199319976096,b6f6,0.009996028028177784,0.0851063829787234,0.0851063829787234,0.5106382978723404,0.0,0.1702127659574468,stable,False,True,True
test,8,20105,4,"[0.700,1.000]",2,8/1Q6/2nkp3/8/1p2K3/8/8/8 b - - 0 1,-1.0,-0.52880859375,0.47119140625,128000,-413.0,-0.5969102374544998,0.47119140625,0.06810164370449978,0.4030897625455002,0.06821437278875697,0.0283870339811496,60.0,2,0,-0.7749090662984005,0.2461004725484005,0.2250909337015995,-0.5969102374544998,0.06810164370449978,0.4030897625455002,-0.4748005716553277,0.054008022094672314,0.5251994283446724,-0.33119213190916424,0.19761646184083576,0.6688078680908358,-353.0,-0.5286958646657428,d6c5,0.4713041353342572,-372.0,-0.5511280285381469,b4b3,0.4488719714618531,-413.0,-0.5969102374544998,d6c5,0.4030897625455002,0.6170212765957447,0.5957446808510638,0.9787234042553191,0.0,0.5478723404255319,unstable,True,True,True
test,8,10167,4,"[0.700,1.000]",2,5r1k/2pN2pp/8/4p2q/2B1Ppn1/2P5/1PQ3PP/3R2K1 w - - 0 1,0.7105695605278015,0.2301025390625,0.4804670214653015,128000,455.0,0.6400942115152839,0.4804670214653015,0.4099916724527839,0.07047534901251762,0.09245706297637635,0.04268368497108694,86.0,0,0,0.8135705538363528,0.5834680147738528,0.10300099330855128,0.6400942115152839,0.4099916724527839,0.07047534901251762,0.5144406807080799,0.2843381416455799,0.1961288798197216,0.36198354619174555,0.13188100712924555,0.34858601433605596,369.0,0.5476371485389075,h2h3,0.16293241198889397,451.0,0.6361422097041666,h2h3,0.07442735082363494,455.0,0.6400942115152839,h2h3,0.07047534901251762,0.7659574468085106,0.8085106382978723,0.5319148936170213,0.0,0.526595744680851,unstable,False,True,True
test,9,11326,0,"[0.000,0.050]",0,3q1nk1/p3rppp/Qp2pb2/3n4/3PN3/P4N2/1PrB1PPP/3RR1K1 w - - 0 1,0.016665123403072357,0.0052947998046875,0.011370323598384857,128000,44.0,0.07320215870718144,0.011370323598384857,0.06790735890249394,0.056537035304109085,0.004974986660465391,0.002068334476134212,3.0,0,0,0.10955847021442953,0.10426367040974203,0.09289334681135718,0.07320215870718144,0.06790735890249394,0.056537035304109085,0.05494460868918742,0.04964980888449992,0.038279485286115064,0.036650243399912595,0.031355443595225095,0.019985119996840238,43.0,0.07154422222815775,d2c3,0.05487909882508539,41.0,0.06822717204671605,d2c3,0.05156204864364369,44.0,0.07320215870718144,d2c3,0.056537035304109085,0.06382978723404255,0.0425531914893617,0.574468085106383,0.6808510638297872,0.34042553191489366,stable,False,True,True
test,9,4304,0,"[0.000,0.050]",0,2rq1rk1/B2n1pbp/2p3p1/4p3/2P1Pnb1/2N2N2/PP2BPPP/R2Q1RK1 b - - 0 1,-0.016665123403072357,0.0292205810546875,0.04588570445775986,128000,33.0,0.05494460868918742,0.04588570445775986,0.02572402763449992,0.07160973209225978,0.05296690075002665,0.024968836465852448,32.0,0,0,0.08231333630045613,0.05309275524576863,0.09897845970352849,0.05494460868918742,0.02572402763449992,0.07160973209225978,0.04122661942889728,0.012006038374209778,0.057891742831969635,0.02749306980470986,0.0017275112499776403,0.04415819320778222,65.0,0.10791150943921407,c6c5,0.12457663284228643,33.0,0.05494460868918742,c6c5,0.07160973209225978,33.0,0.05494460868918742,c6c5,0.07160973209225978,0.723404255319149,0.7446808510638298,0.5957446808510638,0.7021276595744681,0.6914893617021276,unstable,True,True,False
test,9,14153,0,"[0.000,0.050]",1,1r3rk1/5p1p/pBq3pQ/Pp1bb3/5P2/2P4P/1P2B1P1/2R2RK1 b - - 0 1,-0.02499479241669178,0.0276641845703125,0.05265897698700428,128000,-43.0,-0.07154422222815775,0.05265897698700428,0.09920840679847025,0.04654942981146597,0.08430293402245809,0.03519115467054071,51.0,0,0,-0.10708780630223659,0.13475199087254908,0.08209301388554481,-0.07154422222815775,0.09920840679847025,0.04654942981146597,-0.05369829737822873,0.08136248194854123,0.028703504961536952,-0.035818004208037484,0.06348218877834999,0.010823211791345703,-27.0,-0.044969649583600245,e5f6,0.019974857166908465,-78.0,-0.12927258360605834,e5f6,0.10427779118936656,-43.0,-0.07154422222815775,e5f6,0.04654942981146597,0.8936170212765957,0.8936170212765957,0.6170212765957447,0.723404255319149,0.7819148936170213,unstable,False,False,True
test,9,24151,0,"[0.000,0.050]",2,7k/pp4p1/2p5/8/2Q2PP1/1P5P/2Pq3K/8 w - - 0 1,0.0,0.174560546875,0.174560546875,128000,0.0,0.0,0.174560546875,0.174560546875,0.0,0.10955847021442953,0.04541991386546928,66.0,0,1,0.0,0.174560546875,0.0,0.0,0.174560546875,0.0,0.0,0.174560546875,0.0,0.0,0.174560546875,0.0,66.0,0.10955847021442953,h2g3,0.10955847021442953,43.0,0.07154422222815775,h2g3,0.07154422222815775,0.0,0.0,h2g3,0.0,0.9787234042553191,0.9787234042553191,0.6382978723404256,0.9148936170212766,0.8776595744680851,unstable,False,False,True
test,9,18954,1,"[0.050,0.200]",1,r4rk1/pp1nppbp/2np2p1/2q5/4PP2/2NB1R2/PPP3PP/R1B1Q2K w - - 0 1,0.11942730098962784,0.058868408203125,0.06055889278650284,128000,133.0,0.2181060202015403,0.06055889278650284,0.1592376119984153,0.09867871921191246,0.02526466953548509,0.011553795793693544,16.0,0,0,0.32076534615843216,0.26189693795530716,0.20133804516880432,0.2181060202015403,0.1592376119984153,0.09867871921191246,0.1647350814561589,0.1058666732530339,0.045307780466531056,0.11038172564635995,0.05151331744323495,0.009045575343267886,148.0,0.24178273102851391,f3h3,0.12235543003888608,132.0,0.21651806149302882,f3h3,0.09709076050340099,133.0,0.2181060202015403,f3h3,0.09867871921191246,0.3829787234042553,0.3829787234042553,0.574468085106383,0.9361702127659575,0.5691489361702128,middle,False,True,True
test,9,23142,1,"[0.050,0.200]",1,r1b2rk1/p1q2ppp/1p1bpn2/2pP4/2P5/3BBN2/PPQ2PPP/2KR3R w - - 0 1,0.18935361504554749,0.07647705078125,0.11287656426429749,128000,92.0,0.15214284891342428,0.11287656426429749,0.07566579813217428,0.03721076613212321,0.012997564011205054,0.005523581559419524,8.0,1,0,0.22602835227867094,0.14955130149742094,0.03667473723312345,0.15214284891342428,0.07566579813217428,0.03721076613212321,0.11449570919711116,0.03801865841586116,0.07485790584843632,0.07651680911202627,3.9758330776268336e-05,0.11283680593352122,98.0,0.16189621029691695,d5e6,0.027457404748630537,100.0,0.16514041292462933,d5e6,0.024213202120918154,92.0,0.15214284891342428,e3g5,0.03721076613212321,0.1276595744680851,0.1276595744680851,0.8723404255319149,0.9574468085106383,0.5212765957446809,middle,False,True,True
test,9,28490,1,"[0.050,0.200]",2,r4k2/ppr3p1/2p1b1Bp/2n1pN2/2P5/4P3/PP1R2PP/2KR4 b - - 0 1,-0.07651680707931519,0.05804443359375,0.13456124067306519,128000,-64.0,-0.10626395613790249,0.13456124067306519,0.1643083897316525,0.029747149058587302,0.06462138539241655,0.026872145656963713,39.0,0,0,-0.1586485042974989,0.2166929378912489,0.08213169721818372,-0.10626395613790249,0.1643083897316525,0.029747149058587302,-0.07982976911113136,0.13787420270488138,0.0033129620318161773,-0.05328282290096793,0.11132725649471793,0.023233984178347253,-25.0,-0.04164257074548595,c7d7,0.03487423633382924,-51.0,-0.08479588154870199,c7d7,0.008279074469386805,-64.0,-0.10626395613790249,c7d7,0.029747149058587302,0.8723404255319149,0.851063829787234,0.5957446808510638,0.9787234042553191,0.8244680851063829,unstable,False,False,True
test,9,22020,3,"[0.500,0.700]",0,4r1k1/1p3p2/p2p2p1/1P1Pr1q1/2P1nb1p/1QR1pP1P/P3B1PN/4R1K1 w - - 0 1,-0.6695902347564697,-0.62548828125,0.04410195350646973,128000,-412.0,-0.59583633980064,0.04410195350646973,0.02965194144936001,0.07375389495582974,0.070752396488445,0.02914035016964279,62.0,2,0,-0.7739083398558421,0.14842005860584206,0.10431810509937234,-0.59583633980064,0.02965194144936001,0.07375389495582974,-0.4738317916668404,0.15165648958315958,0.1957584430896293,-0.3304500007811606,0.2950382804688394,0.3391402339753091,-350.0,-0.525083943312195,h2g4,0.14450629144427474,-373.0,-0.552287392361764,f3e4,0.11730284239470568,-412.0,-0.59583633980064,h2g4,0.07375389495582974,0.6382978723404256,0.5957446808510638,0.9787234042553191,0.0,0.5531914893617021,unstable,True,True,True
test,9,7563,3,"[0.500,0.700]",0,8/6pp/8/1K4p1/P4kP1/2B2P2/5b2/8 w - - 0 1,0.664036750793457,0.5390625,0.12497425079345703,128000,283.0,0.4395449664149256,0.12497425079345703,0.09951753358507442,0.22449178437853146,0.21035596987982658,0.08604429119604193,143.0,0,0,0.6091067545471247,0.0700442545471247,0.054929996246332324,0.4395449664149256,0.09951753358507442,0.22449178437853146,0.33969703211404734,0.19936546788595266,0.3243397186794097,0.2315563162038048,0.3075061837961952,0.43248043458965224,140.0,0.229188996535099,a4a5,0.43484775425835803,201.0,0.3230063184059049,a4a5,0.34103043238755215,283.0,0.4395449664149256,a4a5,0.22449178437853146,0.9787234042553191,0.9787234042553191,0.5106382978723404,0.0,0.6170212765957447,unstable,True,True,True
test,9,22640,3,"[0.500,0.700]",1,5rk1/p3q1p1/1pbp3p/2n1p3/2P1P3/3PP1RP/P5PN/4Q1K1 w - - 0 1,-0.5849798917770386,-0.401123046875,0.18385684490203857,128000,-446.0,-0.6311548605486537,0.18385684490203857,0.23003181367365366,0.04617496877161509,0.031035736080271437,0.013973518540041849,30.0,1,0,-0.8058227180270021,0.4046996711520021,0.22084282624996354,-0.6311548605486537,0.23003181367365366,0.04617496877161509,-0.5061201808426753,0.1049971339676753,0.07885971093436328,-0.35544866799021413,0.04567437888478587,0.22953122378682445,-416.0,-0.6001191244683822,h2g4,0.015139232691343651,-443.0,-0.6281371447562637,h2g4,0.043157252979225125,-446.0,-0.6311548605486537,e1b1,0.04617496877161509,0.19148936170212766,0.2127659574468085,0.7659574468085106,0.0,0.2925531914893617,stable,False,True,True
test,9,680,3,"[0.500,0.700]",1,8/4kp2/1q1np1p1/3p3p/5P2/3B2P1/2Q3PK/8 b - - 0 1,0.6649674773216248,0.4736328125,0.19133466482162476,128000,360.0,0.5370495669980352,0.19133466482162476,0.06341675449803519,0.12791791032358957,0.04280103245669614,0.020176600194610237,35.0,1,0,0.7162978701990245,0.24266505769902447,0.05133039287739971,0.5370495669980352,0.06341675449803519,0.12791791032358957,0.4218990052500079,0.0517338072499921,0.24306847207161686,0.2913126124515909,0.1823202000484091,0.37365486487003385,360.0,0.5370495669980352,d5d4,0.12791791032358957,325.0,0.49424853454133905,d5d4,0.1707189427802857,360.0,0.5370495669980352,e7f8,0.12791791032358957,0.3191489361702128,0.3617021276595745,0.7872340425531915,0.0,0.3670212765957447,middle,True,True,True
test,9,13116,3,"[0.500,0.700]",1,6k1/6p1/2N1p2p/1Pn5/7P/1q4P1/4QP2/6K1 b - - 0 1,-0.5370495915412903,-0.34521484375,0.19183474779129028,128000,-290.0,-0.4489091908496043,0.19183474779129028,0.10369434709960429,0.088140400691686,0.04777490590165839,0.0195819890670091,35.0,2,0,-0.619996867969374,0.27478202421937403,0.08294727642808375,-0.4489091908496043,0.10369434709960429,0.088140400691686,-0.3474141989090428,0.002199355159042793,0.1896353926322475,-0.23706936670110546,0.10814547704889454,0.29998022484018483,-275.0,-0.42872485898211177,g8h8,0.10832473255917852,-255.0,-0.4011342849479459,b3b1,0.1359153065933444,-290.0,-0.4489091908496043,c5d3,0.088140400691686,0.3829787234042553,0.3191489361702128,1.0,0.0,0.425531914893617,middle,False,True,True
test,9,10935,3,"[0.500,0.700]",1,1r4rb/p1qn1p1k/1p6/2p1pPP1/8/2P1Q1R1/PP3PB1/R5K1 w - - 0 1,0.6750698685646057,0.37353515625,0.3015347123146057,128000,297.0,0.458175844698613,0.3015347123146057,0.084640688448613,0.2168940238659927,0.11737352508087584,0.04867251114259772,84.0,0,0,0.6306532272061658,0.2571180709561658,0.04441664135843992,0.458175844698613,0.084640688448613,0.2168940238659927,0.3550845906549385,0.018450565595061474,0.3199852779096672,0.24256719038213567,0.13096796586786433,0.43250267818247,241.0,0.3813741230984613,a1d1,0.2936957454661444,213.0,0.34080231961773716,a1d1,0.33426754894686855,297.0,0.458175844698613,a1d1,0.2168940238659927,0.8723404255319149,0.8723404255319149,0.5319148936170213,0.0,0.5691489361702128,unstable,True,True,True
test,9,22131,3,"[0.500,0.700]",2,r4rk1/pp1R1pb1/1q2p1p1/4n1Pp/4PQ1P/2N5/PPP1N3/5R1K w - - 0 1,-0.6043677926063538,-0.27734375,0.32702404260635376,128000,-390.0,-0.5716699660851172,0.32702404260635376,0.2943262160851172,0.03269782652123654,0.02636332944359332,0.012171723595601758,24.0,1,0,-0.7508932836251672,0.47354953362516716,0.1465254910188134,-0.5716699660851172,0.2943262160851172,0.03269782652123654,-0.4522299625215583,0.17488621252155828,0.15213783008479548,-0.3140209253469976,0.036677175346997604,0.29034686725935616,-413.0,-0.5969102374544998,d7d5,0.0074575551518539784,-389.0,-0.5705469080109065,d7d2,0.0338208845954473,-390.0,-0.5716699660851172,d7d2,0.03269782652123654,0.14893617021276595,0.1702127659574468,0.8085106382978723,0.0,0.28191489361702127,stable,False,True,True
test,9,8590,4,"[0.700,1.000]",0,r2q1rk1/pp4bp/8/2p2b2/2N3p1/2PpR3/PP3PPP/R2Q2K1 b - - 0 1,0.7435325384140015,0.7724609375,0.028928399085998535,128000,559.0,0.7313700046087336,0.028928399085998535,0.04109093289126642,0.012162533805267883,0.00864169875095977,0.003573400661161557,11.0,2,0,0.8848100694639156,0.1123491319639156,0.14127753104991414,0.7313700046087336,0.04109093289126642,0.012162533805267883,0.6035737531901448,0.16888718430985517,0.13995878522385663,0.43482658732015567,0.33763435017984433,0.3087059510938458,548.0,0.7227283058577738,g8h8,0.020804232556227653,555.0,0.7282542059818115,b7b5,0.015278332432190012,559.0,0.7313700046087336,g8h8,0.012162533805267883,0.0425531914893617,0.0425531914893617,1.0,0.0,0.2712765957446808,stable,False,True,True
test,9,40760,4,"[0.700,1.000]",0,r2qk2r/2p2pp1/1p6/p3N2p/5P2/1PNb2P1/PB1P1nBP/R2QK2R w KQkq - 0 1,0.8940327167510986,0.92822265625,0.03418993949890137,128000,794.0,0.8676104896919294,0.03418993949890137,0.06061216655807056,0.02642222705916919,0.030931000615118776,0.012962920310341713,68.0,0,0,0.9629523500734012,0.034729693823401186,0.06891963332230255,0.8676104896919294,0.06061216655807056,0.02642222705916919,0.7584263132115813,0.16979634303841873,0.13560640353951736,0.5794715034909611,0.3487511527590389,0.31456121326013753,726.0,0.8366794890768107,e1f2,0.057353227674287965,745.0,0.84593026782296,e1f2,0.04810244892813864,794.0,0.8676104896919294,e1f2,0.02642222705916919,0.23404255319148937,0.2127659574468085,0.5531914893617021,0.0,0.25,stable,False,True,True
test,9,160,4,"[0.700,1.000]",0,2k5/5p2/p4r2/1p1P4/1P6/2PP2pP/6K1/R1B5 w - - 0 1,0.8482836484909058,0.79736328125,0.05092036724090576,128000,599.0,0.7608933097680718,0.05092036724090576,0.03646997148192821,0.08739033872283397,0.054473989370836584,0.023449961128482036,71.0,0,0,0.9046954633850877,0.10733218213508766,0.0564118148941819,0.7608933097680718,0.03646997148192821,0.08739033872283397,0.6344026279816908,0.16296065326830922,0.21388102050921498,0.46146153182116656,0.33590174942883344,0.3868221166697392,528.0,0.7064193203972352,c1e3,0.14186432809367056,583.0,0.7494357766606802,c1e3,0.09884787183022559,599.0,0.7608933097680718,c1e3,0.08739033872283397,0.425531914893617,0.44680851063829785,0.574468085106383,0.0,0.3617021276595745,middle,True,True,True
test,9,43396,4,"[0.700,1.000]",0,8/2k5/6K1/1p2q3/1P3p2/1Q6/8/8 b - - 0 1,0.717108428478241,0.62744140625,0.08966702222824097,128000,298.0,0.4594916302039589,0.08966702222824097,0.1679497760460411,0.2576167982742821,0.06678177055629064,0.027263584760771405,49.0,0,0,0.6321565451609915,0.004715138910991512,0.08495188331724945,0.4594916302039589,0.1679497760460411,0.2576167982742821,0.356176499103255,0.271264907146745,0.36093192937498597,0.2433513326597554,0.3840900735902446,0.4737570958184856,249.0,0.39270985964766825,e5e4,0.3243985688305727,273.0,0.42600032550456335,e5e4,0.2911081029736776,298.0,0.4594916302039589,e5e4,0.2576167982742821,0.5957446808510638,0.5319148936170213,0.5957446808510638,0.0,0.4308510638297872,middle,True,True,True
test,9,47408,4,"[0.700,1.000]",1,8/1p4QR/2q3p1/P4k2/8/1P3r2/1KP5/8 b - - 0 1,-0.7235234379768372,-0.57958984375,0.14393359422683716,128000,-377.0,-0.5569035186939992,0.14393359422683716,0.022686325056000767,0.16661991928283792,0.08049086811853817,0.03303593824404694,66.0,1,0,-0.7363687637736096,0.1567789200236096,0.012845325796772444,-0.5569035186939992,0.022686325056000767,0.16661991928283792,-0.4392087380968982,0.1403811056531018,0.28431469987993896,-0.3042229092068452,0.2753669345431548,0.41930052876999196,-311.0,-0.47641265057546106,g6g5,0.2471107874013761,-349.0,-0.5238757423318814,g6g5,0.19964769564495577,-377.0,-0.5569035186939992,c6e4,0.16661991928283792,0.7021276595744681,0.7021276595744681,0.851063829787234,0.0,0.5638297872340425,unstable,True,True,True
test,9,20729,4,"[0.700,1.000]",1,8/8/8/3Q2p1/3kP3/6K1/8/8 b - - 0 1,-1.0,-0.76220703125,0.23779296875,128000,-1200.0,-0.9640275800758169,0.23779296875,0.2018205488258169,0.0359724199241831,0.040621637068516625,0.019149223356031288,898.0,0,0,-0.9950547536867305,0.23284772243673046,0.004945246313269536,-0.9640275800758169,0.2018205488258169,0.0359724199241831,-0.9051482536448665,0.1429412223948665,0.09485174635513349,-0.7615941559557649,0.000612875294235149,0.23840584404423515,-967.0,-0.9234059430073003,d4c3,0.07659405699269972,-1865.0,-0.9640275800758169,d4c3,0.0359724199241831,-1200.0,-0.9640275800758169,d4c3,0.0359724199241831,0.3191489361702128,0.3404255319148936,0.6170212765957447,0.0,0.3191489361702128,middle,False,True,True
test,9,6824,4,"[0.700,1.000]",2,8/8/8/5pk1/8/6PK/3r2B1/8 b - - 0 1,0.755937397480011,0.308349609375,0.447587788105011,128000,235.0,0.3727961571038545,0.447587788105011,0.0644465477288545,0.3831412403761565,0.07302484267741388,0.029821441579690588,51.0,1,0,0.528095199594932,0.219745590219932,0.22784219788507898,0.3727961571038545,0.0644465477288545,0.3831412403761565,0.2855826484815525,0.022766960893447485,0.47035474899845847,0.1933677018007137,0.11498190757428631,0.5625696956792973,262.0,0.41087764327973625,d2f2,0.34505975420027474,211.0,0.33785280060232237,g5f6,0.4180845968776886,235.0,0.3727961571038545,g5f6,0.3831412403761565,0.6595744680851063,0.6382978723404256,0.8723404255319149,0.0,0.5425531914893618,unstable,True,True,True
test,9,43011,4,"[0.700,1.000]",2,8/3k4/8/2P2K2/1p6/1P1p4/8/8 w - - 0 1,-1.0,-0.4736328125,0.5263671875,128000,-933.0,-0.9146067115633721,0.5263671875,0.44097389906337214,0.08539328843662786,0.16590242459406346,0.06779482755953051,351.0,1,0,-0.9813372922299883,0.5077044797299883,0.018662707770011666,-0.9146067115633721,0.44097389906337214,0.08539328843662786,-0.8230662908861656,0.34943347838616556,0.17693370911383444,-0.6512694287651738,0.1776366162651738,0.3487305712348262,-582.0,-0.7487042869693087,f5e4,0.2512957130306913,-704.0,-0.8253378230655948,f5e4,0.17466217693440522,-933.0,-0.9146067115633721,f5f6,0.08539328843662786,0.9361702127659575,0.9361702127659575,0.8936170212765957,0.0,0.6914893617021276,unstable,False,True,True
